dd hh:mm:ss.mss,session_id,sql_text,login_name,wait_info,CPU,tempdb_allocations,tempdb_current,blocking_session_id,reads,writes,physical_reads,used_memory,status,tran_start_time,open_tran_count,percent_complete,host_name,database_name,program_name,start_time,login_time,request_id,collection_time,tasks,context_switches
00 00:00:01.000,300,EXEC dbo.usp_LoadDailyExtract @RunDate = @p1,svc_etl,THREADPOOL waittime=1000 lastwaittype=THREADPOOL,0,0,0,,0,0,0,147,suspended,,0,0.0,ETL-WRK-03,StagingDB,SSIS-Package-NightlyLoad,2026-04-11 03:15:00.000,2026-04-11 03:14:00.000,0,2026-04-11 03:15:00.000,0,0
00 00:00:00.000,301,EXEC dbo.usp_LoadDailyExtract @RunDate = @p1,svc_etl,THREADPOOL waittime=200 lastwaittype=THREADPOOL,0,0,0,,0,0,0,79,suspended,,0,0.0,ETL-WRK-03,StagingDB,SSIS-Package-NightlyLoad,2026-04-11 03:15:01.000,2026-04-11 03:14:00.000,0,2026-04-11 03:15:00.000,0,0
00 00:00:00.000,302,EXEC dbo.usp_LoadDailyExtract @RunDate = @p1,svc_etl,THREADPOOL waittime=200 lastwaittype=THREADPOOL,0,0,0,,0,0,0,114,suspended,,0,0.0,ETL-WRK-03,StagingDB,SSIS-Package-NightlyLoad,2026-04-11 03:15:02.000,2026-04-11 03:14:00.000,0,2026-04-11 03:15:00.000,0,0
00 00:00:00.000,303,EXEC dbo.usp_LoadDailyExtract @RunDate = @p1,svc_etl,THREADPOOL waittime=200 lastwaittype=THREADPOOL,0,0,0,,0,0,0,80,suspended,,0,0.0,ETL-WRK-03,StagingDB,SSIS-Package-NightlyLoad,2026-04-11 03:15:03.000,2026-04-11 03:14:00.000,0,2026-04-11 03:15:00.000,0,0
00 00:00:06.000,300,EXEC dbo.usp_LoadDailyExtract @RunDate = @p1,svc_etl,THREADPOOL waittime=6000 lastwaittype=THREADPOOL,0,0,0,,0,0,0,66,suspended,,0,0.0,ETL-WRK-03,StagingDB,SSIS-Package-NightlyLoad,2026-04-11 03:15:00.000,2026-04-11 03:14:00.000,0,2026-04-11 03:15:05.000,0,0
00 00:00:05.000,301,EXEC dbo.usp_LoadDailyExtract @RunDate = @p1,svc_etl,THREADPOOL waittime=5100 lastwaittype=THREADPOOL,0,0,0,,0,0,0,175,suspended,,0,0.0,ETL-WRK-03,StagingDB,SSIS-Package-NightlyLoad,2026-04-11 03:15:01.000,2026-04-11 03:14:00.000,0,2026-04-11 03:15:05.000,0,0
00 00:00:04.000,302,EXEC dbo.usp_LoadDailyExtract @RunDate = @p1,svc_etl,THREADPOOL waittime=4200 lastwaittype=THREADPOOL,0,0,0,,0,0,0,199,suspended,,0,0.0,ETL-WRK-03,StagingDB,SSIS-Package-NightlyLoad,2026-04-11 03:15:02.000,2026-04-11 03:14:00.000,0,2026-04-11 03:15:05.000,0,0
00 00:00:03.000,303,EXEC dbo.usp_LoadDailyExtract @RunDate = @p1,svc_etl,THREADPOOL waittime=3300 lastwaittype=THREADPOOL,0,0,0,,0,0,0,95,suspended,,0,0.0,ETL-WRK-03,StagingDB,SSIS-Package-NightlyLoad,2026-04-11 03:15:03.000,2026-04-11 03:14:00.000,0,2026-04-11 03:15:05.000,0,0
00 00:00:11.000,300,EXEC dbo.usp_LoadDailyExtract @RunDate = @p1,svc_etl,THREADPOOL waittime=11000 lastwaittype=THREADPOOL,0,0,0,,0,0,0,108,suspended,,0,0.0,ETL-WRK-03,StagingDB,SSIS-Package-NightlyLoad,2026-04-11 03:15:00.000,2026-04-11 03:14:00.000,0,2026-04-11 03:15:10.000,0,0
00 00:00:10.000,301,EXEC dbo.usp_LoadDailyExtract @RunDate = @p1,svc_etl,THREADPOOL waittime=10100 lastwaittype=THREADPOOL,0,0,0,,0,0,0,112,suspended,,0,0.0,ETL-WRK-03,StagingDB,SSIS-Package-NightlyLoad,2026-04-11 03:15:01.000,2026-04-11 03:14:00.000,0,2026-04-11 03:15:10.000,0,0
00 00:00:09.000,302,EXEC dbo.usp_LoadDailyExtract @RunDate = @p1,svc_etl,THREADPOOL waittime=9200 lastwaittype=THREADPOOL,0,0,0,,0,0,0,135,suspended,,0,0.0,ETL-WRK-03,StagingDB,SSIS-Package-NightlyLoad,2026-04-11 03:15:02.000,2026-04-11 03:14:00.000,0,2026-04-11 03:15:10.000,0,0
00 00:00:08.000,303,EXEC dbo.usp_LoadDailyExtract @RunDate = @p1,svc_etl,THREADPOOL waittime=8300 lastwaittype=THREADPOOL,0,0,0,,0,0,0,139,suspended,,0,0.0,ETL-WRK-03,StagingDB,SSIS-Package-NightlyLoad,2026-04-11 03:15:03.000,2026-04-11 03:14:00.000,0,2026-04-11 03:15:10.000,0,0
00 00:00:07.000,304,EXEC dbo.usp_LoadDailyExtract @RunDate = @p1,svc_etl,THREADPOOL waittime=7400 lastwaittype=THREADPOOL,0,0,0,,0,0,0,186,suspended,,0,0.0,ETL-WRK-03,StagingDB,SSIS-Package-NightlyLoad,2026-04-11 03:15:04.000,2026-04-11 03:14:00.000,0,2026-04-11 03:15:10.000,0,0
00 00:00:16.000,300,EXEC dbo.usp_LoadDailyExtract @RunDate = @p1,svc_etl,THREADPOOL waittime=16000 lastwaittype=THREADPOOL,0,0,0,,0,0,0,99,suspended,,0,0.0,ETL-WRK-03,StagingDB,SSIS-Package-NightlyLoad,2026-04-11 03:15:00.000,2026-04-11 03:14:00.000,0,2026-04-11 03:15:15.000,0,0
00 00:00:15.000,301,EXEC dbo.usp_LoadDailyExtract @RunDate = @p1,svc_etl,THREADPOOL waittime=15100 lastwaittype=THREADPOOL,0,0,0,,0,0,0,168,suspended,,0,0.0,ETL-WRK-03,StagingDB,SSIS-Package-NightlyLoad,2026-04-11 03:15:01.000,2026-04-11 03:14:00.000,0,2026-04-11 03:15:15.000,0,0
00 00:00:14.000,302,EXEC dbo.usp_LoadDailyExtract @RunDate = @p1,svc_etl,THREADPOOL waittime=14200 lastwaittype=THREADPOOL,0,0,0,,0,0,0,130,suspended,,0,0.0,ETL-WRK-03,StagingDB,SSIS-Package-NightlyLoad,2026-04-11 03:15:02.000,2026-04-11 03:14:00.000,0,2026-04-11 03:15:15.000,0,0
00 00:00:13.000,303,EXEC dbo.usp_LoadDailyExtract @RunDate = @p1,svc_etl,THREADPOOL waittime=13300 lastwaittype=THREADPOOL,0,0,0,,0,0,0,165,suspended,,0,0.0,ETL-WRK-03,StagingDB,SSIS-Package-NightlyLoad,2026-04-11 03:15:03.000,2026-04-11 03:14:00.000,0,2026-04-11 03:15:15.000,0,0
00 00:00:12.000,304,EXEC dbo.usp_LoadDailyExtract @RunDate = @p1,svc_etl,THREADPOOL waittime=12400 lastwaittype=THREADPOOL,0,0,0,,0,0,0,172,suspended,,0,0.0,ETL-WRK-03,StagingDB,SSIS-Package-NightlyLoad,2026-04-11 03:15:04.000,2026-04-11 03:14:00.000,0,2026-04-11 03:15:15.000,0,0
00 00:00:21.000,300,EXEC dbo.usp_LoadDailyExtract @RunDate = @p1,svc_etl,THREADPOOL waittime=21000 lastwaittype=THREADPOOL,0,0,0,,0,0,0,186,suspended,,0,0.0,ETL-WRK-03,StagingDB,SSIS-Package-NightlyLoad,2026-04-11 03:15:00.000,2026-04-11 03:14:00.000,0,2026-04-11 03:15:20.000,0,0
00 00:00:20.000,301,EXEC dbo.usp_LoadDailyExtract @RunDate = @p1,svc_etl,THREADPOOL waittime=20100 lastwaittype=THREADPOOL,0,0,0,,0,0,0,132,suspended,,0,0.0,ETL-WRK-03,StagingDB,SSIS-Package-NightlyLoad,2026-04-11 03:15:01.000,2026-04-11 03:14:00.000,0,2026-04-11 03:15:20.000,0,0
00 00:00:19.000,302,EXEC dbo.usp_LoadDailyExtract @RunDate = @p1,svc_etl,THREADPOOL waittime=19200 lastwaittype=THREADPOOL,0,0,0,,0,0,0,194,suspended,,0,0.0,ETL-WRK-03,StagingDB,SSIS-Package-NightlyLoad,2026-04-11 03:15:02.000,2026-04-11 03:14:00.000,0,2026-04-11 03:15:20.000,0,0
00 00:00:18.000,303,EXEC dbo.usp_LoadDailyExtract @RunDate = @p1,svc_etl,THREADPOOL waittime=18300 lastwaittype=THREADPOOL,0,0,0,,0,0,0,183,suspended,,0,0.0,ETL-WRK-03,StagingDB,SSIS-Package-NightlyLoad,2026-04-11 03:15:03.000,2026-04-11 03:14:00.000,0,2026-04-11 03:15:20.000,0,0
00 00:00:17.000,304,EXEC dbo.usp_LoadDailyExtract @RunDate = @p1,svc_etl,THREADPOOL waittime=17400 lastwaittype=THREADPOOL,0,0,0,,0,0,0,82,suspended,,0,0.0,ETL-WRK-03,StagingDB,SSIS-Package-NightlyLoad,2026-04-11 03:15:04.000,2026-04-11 03:14:00.000,0,2026-04-11 03:15:20.000,0,0
00 00:00:16.000,305,EXEC dbo.usp_LoadDailyExtract @RunDate = @p1,svc_etl,THREADPOOL waittime=16500 lastwaittype=THREADPOOL,0,0,0,,0,0,0,180,suspended,,0,0.0,ETL-WRK-03,StagingDB,SSIS-Package-NightlyLoad,2026-04-11 03:15:05.000,2026-04-11 03:14:00.000,0,2026-04-11 03:15:20.000,0,0
00 00:00:26.000,300,EXEC dbo.usp_LoadDailyExtract @RunDate = @p1,svc_etl,THREADPOOL waittime=26000 lastwaittype=THREADPOOL,0,0,0,,0,0,0,116,suspended,,0,0.0,ETL-WRK-03,StagingDB,SSIS-Package-NightlyLoad,2026-04-11 03:15:00.000,2026-04-11 03:14:00.000,0,2026-04-11 03:15:25.000,0,0
00 00:00:25.000,301,EXEC dbo.usp_LoadDailyExtract @RunDate = @p1,svc_etl,THREADPOOL waittime=25100 lastwaittype=THREADPOOL,0,0,0,,0,0,0,100,suspended,,0,0.0,ETL-WRK-03,StagingDB,SSIS-Package-NightlyLoad,2026-04-11 03:15:01.000,2026-04-11 03:14:00.000,0,2026-04-11 03:15:25.000,0,0
00 00:00:24.000,302,EXEC dbo.usp_LoadDailyExtract @RunDate = @p1,svc_etl,THREADPOOL waittime=24200 lastwaittype=THREADPOOL,0,0,0,,0,0,0,84,suspended,,0,0.0,ETL-WRK-03,StagingDB,SSIS-Package-NightlyLoad,2026-04-11 03:15:02.000,2026-04-11 03:14:00.000,0,2026-04-11 03:15:25.000,0,0
00 00:00:23.000,303,EXEC dbo.usp_LoadDailyExtract @RunDate = @p1,svc_etl,THREADPOOL waittime=23300 lastwaittype=THREADPOOL,0,0,0,,0,0,0,140,suspended,,0,0.0,ETL-WRK-03,StagingDB,SSIS-Package-NightlyLoad,2026-04-11 03:15:03.000,2026-04-11 03:14:00.000,0,2026-04-11 03:15:25.000,0,0
00 00:00:22.000,304,EXEC dbo.usp_LoadDailyExtract @RunDate = @p1,svc_etl,THREADPOOL waittime=22400 lastwaittype=THREADPOOL,0,0,0,,0,0,0,173,suspended,,0,0.0,ETL-WRK-03,StagingDB,SSIS-Package-NightlyLoad,2026-04-11 03:15:04.000,2026-04-11 03:14:00.000,0,2026-04-11 03:15:25.000,0,0
00 00:00:21.000,305,EXEC dbo.usp_LoadDailyExtract @RunDate = @p1,svc_etl,THREADPOOL waittime=21500 lastwaittype=THREADPOOL,0,0,0,,0,0,0,200,suspended,,0,0.0,ETL-WRK-03,StagingDB,SSIS-Package-NightlyLoad,2026-04-11 03:15:05.000,2026-04-11 03:14:00.000,0,2026-04-11 03:15:25.000,0,0
00 00:00:31.000,300,EXEC dbo.usp_LoadDailyExtract @RunDate = @p1,svc_etl,THREADPOOL waittime=31000 lastwaittype=THREADPOOL,0,0,0,,0,0,0,107,suspended,,0,0.0,ETL-WRK-03,StagingDB,SSIS-Package-NightlyLoad,2026-04-11 03:15:00.000,2026-04-11 03:14:00.000,0,2026-04-11 03:15:30.000,0,0
00 00:00:30.000,301,EXEC dbo.usp_LoadDailyExtract @RunDate = @p1,svc_etl,THREADPOOL waittime=30100 lastwaittype=THREADPOOL,0,0,0,,0,0,0,142,suspended,,0,0.0,ETL-WRK-03,StagingDB,SSIS-Package-NightlyLoad,2026-04-11 03:15:01.000,2026-04-11 03:14:00.000,0,2026-04-11 03:15:30.000,0,0
00 00:00:29.000,302,EXEC dbo.usp_LoadDailyExtract @RunDate = @p1,svc_etl,THREADPOOL waittime=29200 lastwaittype=THREADPOOL,0,0,0,,0,0,0,177,suspended,,0,0.0,ETL-WRK-03,StagingDB,SSIS-Package-NightlyLoad,2026-04-11 03:15:02.000,2026-04-11 03:14:00.000,0,2026-04-11 03:15:30.000,0,0
00 00:00:28.000,303,EXEC dbo.usp_LoadDailyExtract @RunDate = @p1,svc_etl,THREADPOOL waittime=28300 lastwaittype=THREADPOOL,0,0,0,,0,0,0,142,suspended,,0,0.0,ETL-WRK-03,StagingDB,SSIS-Package-NightlyLoad,2026-04-11 03:15:03.000,2026-04-11 03:14:00.000,0,2026-04-11 03:15:30.000,0,0
00 00:00:27.000,304,EXEC dbo.usp_LoadDailyExtract @RunDate = @p1,svc_etl,THREADPOOL waittime=27400 lastwaittype=THREADPOOL,0,0,0,,0,0,0,116,suspended,,0,0.0,ETL-WRK-03,StagingDB,SSIS-Package-NightlyLoad,2026-04-11 03:15:04.000,2026-04-11 03:14:00.000,0,2026-04-11 03:15:30.000,0,0
00 00:00:26.000,305,EXEC dbo.usp_LoadDailyExtract @RunDate = @p1,svc_etl,THREADPOOL waittime=26500 lastwaittype=THREADPOOL,0,0,0,,0,0,0,187,suspended,,0,0.0,ETL-WRK-03,StagingDB,SSIS-Package-NightlyLoad,2026-04-11 03:15:05.000,2026-04-11 03:14:00.000,0,2026-04-11 03:15:30.000,0,0
00 00:00:25.000,306,EXEC dbo.usp_LoadDailyExtract @RunDate = @p1,svc_etl,THREADPOOL waittime=25600 lastwaittype=THREADPOOL,0,0,0,,0,0,0,198,suspended,,0,0.0,ETL-WRK-03,StagingDB,SSIS-Package-NightlyLoad,2026-04-11 03:15:06.000,2026-04-11 03:14:00.000,0,2026-04-11 03:15:30.000,0,0
00 00:00:36.000,300,EXEC dbo.usp_LoadDailyExtract @RunDate = @p1,svc_etl,THREADPOOL waittime=36000 lastwaittype=THREADPOOL,0,0,0,,0,0,0,139,suspended,,0,0.0,ETL-WRK-03,StagingDB,SSIS-Package-NightlyLoad,2026-04-11 03:15:00.000,2026-04-11 03:14:00.000,0,2026-04-11 03:15:35.000,0,0
00 00:00:35.000,301,EXEC dbo.usp_LoadDailyExtract @RunDate = @p1,svc_etl,THREADPOOL waittime=35100 lastwaittype=THREADPOOL,0,0,0,,0,0,0,162,suspended,,0,0.0,ETL-WRK-03,StagingDB,SSIS-Package-NightlyLoad,2026-04-11 03:15:01.000,2026-04-11 03:14:00.000,0,2026-04-11 03:15:35.000,0,0
00 00:00:34.000,302,EXEC dbo.usp_LoadDailyExtract @RunDate = @p1,svc_etl,THREADPOOL waittime=34200 lastwaittype=THREADPOOL,0,0,0,,0,0,0,171,suspended,,0,0.0,ETL-WRK-03,StagingDB,SSIS-Package-NightlyLoad,2026-04-11 03:15:02.000,2026-04-11 03:14:00.000,0,2026-04-11 03:15:35.000,0,0
00 00:00:33.000,303,EXEC dbo.usp_LoadDailyExtract @RunDate = @p1,svc_etl,THREADPOOL waittime=33300 lastwaittype=THREADPOOL,0,0,0,,0,0,0,110,suspended,,0,0.0,ETL-WRK-03,StagingDB,SSIS-Package-NightlyLoad,2026-04-11 03:15:03.000,2026-04-11 03:14:00.000,0,2026-04-11 03:15:35.000,0,0
00 00:00:32.000,304,EXEC dbo.usp_LoadDailyExtract @RunDate = @p1,svc_etl,THREADPOOL waittime=32400 lastwaittype=THREADPOOL,0,0,0,,0,0,0,71,suspended,,0,0.0,ETL-WRK-03,StagingDB,SSIS-Package-NightlyLoad,2026-04-11 03:15:04.000,2026-04-11 03:14:00.000,0,2026-04-11 03:15:35.000,0,0
00 00:00:31.000,305,EXEC dbo.usp_LoadDailyExtract @RunDate = @p1,svc_etl,THREADPOOL waittime=31500 lastwaittype=THREADPOOL,0,0,0,,0,0,0,84,suspended,,0,0.0,ETL-WRK-03,StagingDB,SSIS-Package-NightlyLoad,2026-04-11 03:15:05.000,2026-04-11 03:14:00.000,0,2026-04-11 03:15:35.000,0,0
00 00:00:30.000,306,EXEC dbo.usp_LoadDailyExtract @RunDate = @p1,svc_etl,THREADPOOL waittime=30600 lastwaittype=THREADPOOL,0,0,0,,0,0,0,71,suspended,,0,0.0,ETL-WRK-03,StagingDB,SSIS-Package-NightlyLoad,2026-04-11 03:15:06.000,2026-04-11 03:14:00.000,0,2026-04-11 03:15:35.000,0,0
00 00:00:41.000,300,EXEC dbo.usp_LoadDailyExtract @RunDate = @p1,svc_etl,THREADPOOL waittime=41000 lastwaittype=THREADPOOL,0,0,0,,0,0,0,130,suspended,,0,0.0,ETL-WRK-03,StagingDB,SSIS-Package-NightlyLoad,2026-04-11 03:15:00.000,2026-04-11 03:14:00.000,0,2026-04-11 03:15:40.000,0,0
00 00:00:40.000,301,EXEC dbo.usp_LoadDailyExtract @RunDate = @p1,svc_etl,THREADPOOL waittime=40100 lastwaittype=THREADPOOL,0,0,0,,0,0,0,92,suspended,,0,0.0,ETL-WRK-03,StagingDB,SSIS-Package-NightlyLoad,2026-04-11 03:15:01.000,2026-04-11 03:14:00.000,0,2026-04-11 03:15:40.000,0,0
00 00:00:39.000,302,EXEC dbo.usp_LoadDailyExtract @RunDate = @p1,svc_etl,THREADPOOL waittime=39200 lastwaittype=THREADPOOL,0,0,0,,0,0,0,104,suspended,,0,0.0,ETL-WRK-03,StagingDB,SSIS-Package-NightlyLoad,2026-04-11 03:15:02.000,2026-04-11 03:14:00.000,0,2026-04-11 03:15:40.000,0,0
00 00:00:38.000,303,EXEC dbo.usp_LoadDailyExtract @RunDate = @p1,svc_etl,THREADPOOL waittime=38300 lastwaittype=THREADPOOL,0,0,0,,0,0,0,97,suspended,,0,0.0,ETL-WRK-03,StagingDB,SSIS-Package-NightlyLoad,2026-04-11 03:15:03.000,2026-04-11 03:14:00.000,0,2026-04-11 03:15:40.000,0,0
00 00:00:37.000,304,EXEC dbo.usp_LoadDailyExtract @RunDate = @p1,svc_etl,THREADPOOL waittime=37400 lastwaittype=THREADPOOL,0,0,0,,0,0,0,74,suspended,,0,0.0,ETL-WRK-03,StagingDB,SSIS-Package-NightlyLoad,2026-04-11 03:15:04.000,2026-04-11 03:14:00.000,0,2026-04-11 03:15:40.000,0,0
00 00:00:36.000,305,EXEC dbo.usp_LoadDailyExtract @RunDate = @p1,svc_etl,THREADPOOL waittime=36500 lastwaittype=THREADPOOL,0,0,0,,0,0,0,159,suspended,,0,0.0,ETL-WRK-03,StagingDB,SSIS-Package-NightlyLoad,2026-04-11 03:15:05.000,2026-04-11 03:14:00.000,0,2026-04-11 03:15:40.000,0,0
00 00:00:35.000,306,EXEC dbo.usp_LoadDailyExtract @RunDate = @p1,svc_etl,THREADPOOL waittime=35600 lastwaittype=THREADPOOL,0,0,0,,0,0,0,181,suspended,,0,0.0,ETL-WRK-03,StagingDB,SSIS-Package-NightlyLoad,2026-04-11 03:15:06.000,2026-04-11 03:14:00.000,0,2026-04-11 03:15:40.000,0,0
00 00:00:34.000,307,EXEC dbo.usp_LoadDailyExtract @RunDate = @p1,svc_etl,THREADPOOL waittime=34700 lastwaittype=THREADPOOL,0,0,0,,0,0,0,98,suspended,,0,0.0,ETL-WRK-03,StagingDB,SSIS-Package-NightlyLoad,2026-04-11 03:15:07.000,2026-04-11 03:14:00.000,0,2026-04-11 03:15:40.000,0,0
00 00:00:46.000,300,EXEC dbo.usp_LoadDailyExtract @RunDate = @p1,svc_etl,THREADPOOL waittime=46000 lastwaittype=THREADPOOL,0,0,0,,0,0,0,123,suspended,,0,0.0,ETL-WRK-03,StagingDB,SSIS-Package-NightlyLoad,2026-04-11 03:15:00.000,2026-04-11 03:14:00.000,0,2026-04-11 03:15:45.000,0,0
00 00:00:45.000,301,EXEC dbo.usp_LoadDailyExtract @RunDate = @p1,svc_etl,THREADPOOL waittime=45100 lastwaittype=THREADPOOL,0,0,0,,0,0,0,88,suspended,,0,0.0,ETL-WRK-03,StagingDB,SSIS-Package-NightlyLoad,2026-04-11 03:15:01.000,2026-04-11 03:14:00.000,0,2026-04-11 03:15:45.000,0,0
00 00:00:44.000,302,EXEC dbo.usp_LoadDailyExtract @RunDate = @p1,svc_etl,THREADPOOL waittime=44200 lastwaittype=THREADPOOL,0,0,0,,0,0,0,150,suspended,,0,0.0,ETL-WRK-03,StagingDB,SSIS-Package-NightlyLoad,2026-04-11 03:15:02.000,2026-04-11 03:14:00.000,0,2026-04-11 03:15:45.000,0,0
00 00:00:43.000,303,EXEC dbo.usp_LoadDailyExtract @RunDate = @p1,svc_etl,THREADPOOL waittime=43300 lastwaittype=THREADPOOL,0,0,0,,0,0,0,85,suspended,,0,0.0,ETL-WRK-03,StagingDB,SSIS-Package-NightlyLoad,2026-04-11 03:15:03.000,2026-04-11 03:14:00.000,0,2026-04-11 03:15:45.000,0,0
00 00:00:42.000,304,EXEC dbo.usp_LoadDailyExtract @RunDate = @p1,svc_etl,THREADPOOL waittime=42400 lastwaittype=THREADPOOL,0,0,0,,0,0,0,95,suspended,,0,0.0,ETL-WRK-03,StagingDB,SSIS-Package-NightlyLoad,2026-04-11 03:15:04.000,2026-04-11 03:14:00.000,0,2026-04-11 03:15:45.000,0,0
00 00:00:41.000,305,EXEC dbo.usp_LoadDailyExtract @RunDate = @p1,svc_etl,THREADPOOL waittime=41500 lastwaittype=THREADPOOL,0,0,0,,0,0,0,67,suspended,,0,0.0,ETL-WRK-03,StagingDB,SSIS-Package-NightlyLoad,2026-04-11 03:15:05.000,2026-04-11 03:14:00.000,0,2026-04-11 03:15:45.000,0,0
00 00:00:40.000,306,EXEC dbo.usp_LoadDailyExtract @RunDate = @p1,svc_etl,THREADPOOL waittime=40600 lastwaittype=THREADPOOL,0,0,0,,0,0,0,174,suspended,,0,0.0,ETL-WRK-03,StagingDB,SSIS-Package-NightlyLoad,2026-04-11 03:15:06.000,2026-04-11 03:14:00.000,0,2026-04-11 03:15:45.000,0,0
00 00:00:39.000,307,EXEC dbo.usp_LoadDailyExtract @RunDate = @p1,svc_etl,THREADPOOL waittime=39700 lastwaittype=THREADPOOL,0,0,0,,0,0,0,130,suspended,,0,0.0,ETL-WRK-03,StagingDB,SSIS-Package-NightlyLoad,2026-04-11 03:15:07.000,2026-04-11 03:14:00.000,0,2026-04-11 03:15:45.000,0,0
00 00:00:51.000,300,EXEC dbo.usp_LoadDailyExtract @RunDate = @p1,svc_etl,THREADPOOL waittime=51000 lastwaittype=THREADPOOL,0,0,0,,0,0,0,108,suspended,,0,0.0,ETL-WRK-03,StagingDB,SSIS-Package-NightlyLoad,2026-04-11 03:15:00.000,2026-04-11 03:14:00.000,0,2026-04-11 03:15:50.000,0,0
00 00:00:50.000,301,EXEC dbo.usp_LoadDailyExtract @RunDate = @p1,svc_etl,THREADPOOL waittime=50100 lastwaittype=THREADPOOL,0,0,0,,0,0,0,114,suspended,,0,0.0,ETL-WRK-03,StagingDB,SSIS-Package-NightlyLoad,2026-04-11 03:15:01.000,2026-04-11 03:14:00.000,0,2026-04-11 03:15:50.000,0,0
00 00:00:49.000,302,EXEC dbo.usp_LoadDailyExtract @RunDate = @p1,svc_etl,THREADPOOL waittime=49200 lastwaittype=THREADPOOL,0,0,0,,0,0,0,194,suspended,,0,0.0,ETL-WRK-03,StagingDB,SSIS-Package-NightlyLoad,2026-04-11 03:15:02.000,2026-04-11 03:14:00.000,0,2026-04-11 03:15:50.000,0,0
00 00:00:48.000,303,EXEC dbo.usp_LoadDailyExtract @RunDate = @p1,svc_etl,THREADPOOL waittime=48300 lastwaittype=THREADPOOL,0,0,0,,0,0,0,121,suspended,,0,0.0,ETL-WRK-03,StagingDB,SSIS-Package-NightlyLoad,2026-04-11 03:15:03.000,2026-04-11 03:14:00.000,0,2026-04-11 03:15:50.000,0,0
00 00:00:47.000,304,EXEC dbo.usp_LoadDailyExtract @RunDate = @p1,svc_etl,THREADPOOL waittime=47400 lastwaittype=THREADPOOL,0,0,0,,0,0,0,125,suspended,,0,0.0,ETL-WRK-03,StagingDB,SSIS-Package-NightlyLoad,2026-04-11 03:15:04.000,2026-04-11 03:14:00.000,0,2026-04-11 03:15:50.000,0,0
00 00:00:46.000,305,EXEC dbo.usp_LoadDailyExtract @RunDate = @p1,svc_etl,THREADPOOL waittime=46500 lastwaittype=THREADPOOL,0,0,0,,0,0,0,175,suspended,,0,0.0,ETL-WRK-03,StagingDB,SSIS-Package-NightlyLoad,2026-04-11 03:15:05.000,2026-04-11 03:14:00.000,0,2026-04-11 03:15:50.000,0,0
00 00:00:45.000,306,EXEC dbo.usp_LoadDailyExtract @RunDate = @p1,svc_etl,THREADPOOL waittime=45600 lastwaittype=THREADPOOL,0,0,0,,0,0,0,175,suspended,,0,0.0,ETL-WRK-03,StagingDB,SSIS-Package-NightlyLoad,2026-04-11 03:15:06.000,2026-04-11 03:14:00.000,0,2026-04-11 03:15:50.000,0,0
00 00:00:44.000,307,EXEC dbo.usp_LoadDailyExtract @RunDate = @p1,svc_etl,THREADPOOL waittime=44700 lastwaittype=THREADPOOL,0,0,0,,0,0,0,94,suspended,,0,0.0,ETL-WRK-03,StagingDB,SSIS-Package-NightlyLoad,2026-04-11 03:15:07.000,2026-04-11 03:14:00.000,0,2026-04-11 03:15:50.000,0,0
00 00:00:43.000,308,EXEC dbo.usp_LoadDailyExtract @RunDate = @p1,svc_etl,THREADPOOL waittime=43800 lastwaittype=THREADPOOL,0,0,0,,0,0,0,134,suspended,,0,0.0,ETL-WRK-03,StagingDB,SSIS-Package-NightlyLoad,2026-04-11 03:15:08.000,2026-04-11 03:14:00.000,0,2026-04-11 03:15:50.000,0,0
00 00:00:56.000,300,EXEC dbo.usp_LoadDailyExtract @RunDate = @p1,svc_etl,THREADPOOL waittime=56000 lastwaittype=THREADPOOL,0,0,0,,0,0,0,117,suspended,,0,0.0,ETL-WRK-03,StagingDB,SSIS-Package-NightlyLoad,2026-04-11 03:15:00.000,2026-04-11 03:14:00.000,0,2026-04-11 03:15:55.000,0,0
00 00:00:55.000,301,EXEC dbo.usp_LoadDailyExtract @RunDate = @p1,svc_etl,THREADPOOL waittime=55100 lastwaittype=THREADPOOL,0,0,0,,0,0,0,90,suspended,,0,0.0,ETL-WRK-03,StagingDB,SSIS-Package-NightlyLoad,2026-04-11 03:15:01.000,2026-04-11 03:14:00.000,0,2026-04-11 03:15:55.000,0,0
00 00:00:54.000,302,EXEC dbo.usp_LoadDailyExtract @RunDate = @p1,svc_etl,THREADPOOL waittime=54200 lastwaittype=THREADPOOL,0,0,0,,0,0,0,113,suspended,,0,0.0,ETL-WRK-03,StagingDB,SSIS-Package-NightlyLoad,2026-04-11 03:15:02.000,2026-04-11 03:14:00.000,0,2026-04-11 03:15:55.000,0,0
00 00:00:53.000,303,EXEC dbo.usp_LoadDailyExtract @RunDate = @p1,svc_etl,THREADPOOL waittime=53300 lastwaittype=THREADPOOL,0,0,0,,0,0,0,114,suspended,,0,0.0,ETL-WRK-03,StagingDB,SSIS-Package-NightlyLoad,2026-04-11 03:15:03.000,2026-04-11 03:14:00.000,0,2026-04-11 03:15:55.000,0,0
00 00:00:52.000,304,EXEC dbo.usp_LoadDailyExtract @RunDate = @p1,svc_etl,THREADPOOL waittime=52400 lastwaittype=THREADPOOL,0,0,0,,0,0,0,132,suspended,,0,0.0,ETL-WRK-03,StagingDB,SSIS-Package-NightlyLoad,2026-04-11 03:15:04.000,2026-04-11 03:14:00.000,0,2026-04-11 03:15:55.000,0,0
00 00:00:51.000,305,EXEC dbo.usp_LoadDailyExtract @RunDate = @p1,svc_etl,THREADPOOL waittime=51500 lastwaittype=THREADPOOL,0,0,0,,0,0,0,66,suspended,,0,0.0,ETL-WRK-03,StagingDB,SSIS-Package-NightlyLoad,2026-04-11 03:15:05.000,2026-04-11 03:14:00.000,0,2026-04-11 03:15:55.000,0,0
00 00:00:50.000,306,EXEC dbo.usp_LoadDailyExtract @RunDate = @p1,svc_etl,THREADPOOL waittime=50600 lastwaittype=THREADPOOL,0,0,0,,0,0,0,117,suspended,,0,0.0,ETL-WRK-03,StagingDB,SSIS-Package-NightlyLoad,2026-04-11 03:15:06.000,2026-04-11 03:14:00.000,0,2026-04-11 03:15:55.000,0,0
00 00:00:49.000,307,EXEC dbo.usp_LoadDailyExtract @RunDate = @p1,svc_etl,THREADPOOL waittime=49700 lastwaittype=THREADPOOL,0,0,0,,0,0,0,172,suspended,,0,0.0,ETL-WRK-03,StagingDB,SSIS-Package-NightlyLoad,2026-04-11 03:15:07.000,2026-04-11 03:14:00.000,0,2026-04-11 03:15:55.000,0,0
00 00:00:48.000,308,EXEC dbo.usp_LoadDailyExtract @RunDate = @p1,svc_etl,THREADPOOL waittime=48800 lastwaittype=THREADPOOL,0,0,0,,0,0,0,174,suspended,,0,0.0,ETL-WRK-03,StagingDB,SSIS-Package-NightlyLoad,2026-04-11 03:15:08.000,2026-04-11 03:14:00.000,0,2026-04-11 03:15:55.000,0,0
00 00:01:01.000,300,EXEC dbo.usp_LoadDailyExtract @RunDate = @p1,svc_etl,THREADPOOL waittime=61000 lastwaittype=THREADPOOL,0,0,0,,0,0,0,98,suspended,,0,0.0,ETL-WRK-03,StagingDB,SSIS-Package-NightlyLoad,2026-04-11 03:15:00.000,2026-04-11 03:14:00.000,0,2026-04-11 03:16:00.000,0,0
00 00:01:00.000,301,EXEC dbo.usp_LoadDailyExtract @RunDate = @p1,svc_etl,THREADPOOL waittime=60100 lastwaittype=THREADPOOL,0,0,0,,0,0,0,186,suspended,,0,0.0,ETL-WRK-03,StagingDB,SSIS-Package-NightlyLoad,2026-04-11 03:15:01.000,2026-04-11 03:14:00.000,0,2026-04-11 03:16:00.000,0,0
00 00:00:59.000,302,EXEC dbo.usp_LoadDailyExtract @RunDate = @p1,svc_etl,THREADPOOL waittime=59200 lastwaittype=THREADPOOL,0,0,0,,0,0,0,75,suspended,,0,0.0,ETL-WRK-03,StagingDB,SSIS-Package-NightlyLoad,2026-04-11 03:15:02.000,2026-04-11 03:14:00.000,0,2026-04-11 03:16:00.000,0,0
00 00:00:58.000,303,EXEC dbo.usp_LoadDailyExtract @RunDate = @p1,svc_etl,THREADPOOL waittime=58300 lastwaittype=THREADPOOL,0,0,0,,0,0,0,99,suspended,,0,0.0,ETL-WRK-03,StagingDB,SSIS-Package-NightlyLoad,2026-04-11 03:15:03.000,2026-04-11 03:14:00.000,0,2026-04-11 03:16:00.000,0,0
00 00:00:57.000,304,EXEC dbo.usp_LoadDailyExtract @RunDate = @p1,svc_etl,THREADPOOL waittime=57400 lastwaittype=THREADPOOL,0,0,0,,0,0,0,196,suspended,,0,0.0,ETL-WRK-03,StagingDB,SSIS-Package-NightlyLoad,2026-04-11 03:15:04.000,2026-04-11 03:14:00.000,0,2026-04-11 03:16:00.000,0,0
00 00:00:56.000,305,EXEC dbo.usp_LoadDailyExtract @RunDate = @p1,svc_etl,THREADPOOL waittime=56500 lastwaittype=THREADPOOL,0,0,0,,0,0,0,105,suspended,,0,0.0,ETL-WRK-03,StagingDB,SSIS-Package-NightlyLoad,2026-04-11 03:15:05.000,2026-04-11 03:14:00.000,0,2026-04-11 03:16:00.000,0,0
00 00:00:55.000,306,EXEC dbo.usp_LoadDailyExtract @RunDate = @p1,svc_etl,THREADPOOL waittime=55600 lastwaittype=THREADPOOL,0,0,0,,0,0,0,146,suspended,,0,0.0,ETL-WRK-03,StagingDB,SSIS-Package-NightlyLoad,2026-04-11 03:15:06.000,2026-04-11 03:14:00.000,0,2026-04-11 03:16:00.000,0,0
00 00:00:54.000,307,EXEC dbo.usp_LoadDailyExtract @RunDate = @p1,svc_etl,THREADPOOL waittime=54700 lastwaittype=THREADPOOL,0,0,0,,0,0,0,184,suspended,,0,0.0,ETL-WRK-03,StagingDB,SSIS-Package-NightlyLoad,2026-04-11 03:15:07.000,2026-04-11 03:14:00.000,0,2026-04-11 03:16:00.000,0,0
00 00:00:53.000,308,EXEC dbo.usp_LoadDailyExtract @RunDate = @p1,svc_etl,THREADPOOL waittime=53800 lastwaittype=THREADPOOL,0,0,0,,0,0,0,189,suspended,,0,0.0,ETL-WRK-03,StagingDB,SSIS-Package-NightlyLoad,2026-04-11 03:15:08.000,2026-04-11 03:14:00.000,0,2026-04-11 03:16:00.000,0,0
00 00:00:52.000,309,EXEC dbo.usp_LoadDailyExtract @RunDate = @p1,svc_etl,THREADPOOL waittime=52900 lastwaittype=THREADPOOL,0,0,0,,0,0,0,116,suspended,,0,0.0,ETL-WRK-03,StagingDB,SSIS-Package-NightlyLoad,2026-04-11 03:15:09.000,2026-04-11 03:14:00.000,0,2026-04-11 03:16:00.000,0,0
00 00:01:06.000,300,EXEC dbo.usp_LoadDailyExtract @RunDate = @p1,svc_etl,THREADPOOL waittime=66000 lastwaittype=THREADPOOL,0,0,0,,0,0,0,198,suspended,,0,0.0,ETL-WRK-03,StagingDB,SSIS-Package-NightlyLoad,2026-04-11 03:15:00.000,2026-04-11 03:14:00.000,0,2026-04-11 03:16:05.000,0,0
00 00:01:05.000,301,EXEC dbo.usp_LoadDailyExtract @RunDate = @p1,svc_etl,THREADPOOL waittime=65100 lastwaittype=THREADPOOL,0,0,0,,0,0,0,106,suspended,,0,0.0,ETL-WRK-03,StagingDB,SSIS-Package-NightlyLoad,2026-04-11 03:15:01.000,2026-04-11 03:14:00.000,0,2026-04-11 03:16:05.000,0,0
00 00:01:04.000,302,EXEC dbo.usp_LoadDailyExtract @RunDate = @p1,svc_etl,THREADPOOL waittime=64200 lastwaittype=THREADPOOL,0,0,0,,0,0,0,167,suspended,,0,0.0,ETL-WRK-03,StagingDB,SSIS-Package-NightlyLoad,2026-04-11 03:15:02.000,2026-04-11 03:14:00.000,0,2026-04-11 03:16:05.000,0,0
00 00:01:03.000,303,EXEC dbo.usp_LoadDailyExtract @RunDate = @p1,svc_etl,THREADPOOL waittime=63300 lastwaittype=THREADPOOL,0,0,0,,0,0,0,135,suspended,,0,0.0,ETL-WRK-03,StagingDB,SSIS-Package-NightlyLoad,2026-04-11 03:15:03.000,2026-04-11 03:14:00.000,0,2026-04-11 03:16:05.000,0,0
00 00:01:02.000,304,EXEC dbo.usp_LoadDailyExtract @RunDate = @p1,svc_etl,THREADPOOL waittime=62400 lastwaittype=THREADPOOL,0,0,0,,0,0,0,123,suspended,,0,0.0,ETL-WRK-03,StagingDB,SSIS-Package-NightlyLoad,2026-04-11 03:15:04.000,2026-04-11 03:14:00.000,0,2026-04-11 03:16:05.000,0,0
00 00:01:01.000,305,EXEC dbo.usp_LoadDailyExtract @RunDate = @p1,svc_etl,THREADPOOL waittime=61500 lastwaittype=THREADPOOL,0,0,0,,0,0,0,130,suspended,,0,0.0,ETL-WRK-03,StagingDB,SSIS-Package-NightlyLoad,2026-04-11 03:15:05.000,2026-04-11 03:14:00.000,0,2026-04-11 03:16:05.000,0,0
00 00:01:00.000,306,EXEC dbo.usp_LoadDailyExtract @RunDate = @p1,svc_etl,THREADPOOL waittime=60600 lastwaittype=THREADPOOL,0,0,0,,0,0,0,127,suspended,,0,0.0,ETL-WRK-03,StagingDB,SSIS-Package-NightlyLoad,2026-04-11 03:15:06.000,2026-04-11 03:14:00.000,0,2026-04-11 03:16:05.000,0,0
00 00:00:59.000,307,EXEC dbo.usp_LoadDailyExtract @RunDate = @p1,svc_etl,THREADPOOL waittime=59700 lastwaittype=THREADPOOL,0,0,0,,0,0,0,155,suspended,,0,0.0,ETL-WRK-03,StagingDB,SSIS-Package-NightlyLoad,2026-04-11 03:15:07.000,2026-04-11 03:14:00.000,0,2026-04-11 03:16:05.000,0,0
00 00:00:58.000,308,EXEC dbo.usp_LoadDailyExtract @RunDate = @p1,svc_etl,THREADPOOL waittime=58800 lastwaittype=THREADPOOL,0,0,0,,0,0,0,105,suspended,,0,0.0,ETL-WRK-03,StagingDB,SSIS-Package-NightlyLoad,2026-04-11 03:15:08.000,2026-04-11 03:14:00.000,0,2026-04-11 03:16:05.000,0,0
00 00:00:57.000,309,EXEC dbo.usp_LoadDailyExtract @RunDate = @p1,svc_etl,THREADPOOL waittime=57900 lastwaittype=THREADPOOL,0,0,0,,0,0,0,131,suspended,,0,0.0,ETL-WRK-03,StagingDB,SSIS-Package-NightlyLoad,2026-04-11 03:15:09.000,2026-04-11 03:14:00.000,0,2026-04-11 03:16:05.000,0,0
00 00:01:11.000,300,EXEC dbo.usp_LoadDailyExtract @RunDate = @p1,svc_etl,THREADPOOL waittime=71000 lastwaittype=THREADPOOL,0,0,0,,0,0,0,114,suspended,,0,0.0,ETL-WRK-03,StagingDB,SSIS-Package-NightlyLoad,2026-04-11 03:15:00.000,2026-04-11 03:14:00.000,0,2026-04-11 03:16:10.000,0,0
00 00:01:10.000,301,EXEC dbo.usp_LoadDailyExtract @RunDate = @p1,svc_etl,THREADPOOL waittime=70100 lastwaittype=THREADPOOL,0,0,0,,0,0,0,84,suspended,,0,0.0,ETL-WRK-03,StagingDB,SSIS-Package-NightlyLoad,2026-04-11 03:15:01.000,2026-04-11 03:14:00.000,0,2026-04-11 03:16:10.000,0,0
00 00:01:09.000,302,EXEC dbo.usp_LoadDailyExtract @RunDate = @p1,svc_etl,THREADPOOL waittime=69200 lastwaittype=THREADPOOL,0,0,0,,0,0,0,152,suspended,,0,0.0,ETL-WRK-03,StagingDB,SSIS-Package-NightlyLoad,2026-04-11 03:15:02.000,2026-04-11 03:14:00.000,0,2026-04-11 03:16:10.000,0,0
00 00:01:08.000,303,EXEC dbo.usp_LoadDailyExtract @RunDate = @p1,svc_etl,THREADPOOL waittime=68300 lastwaittype=THREADPOOL,0,0,0,,0,0,0,156,suspended,,0,0.0,ETL-WRK-03,StagingDB,SSIS-Package-NightlyLoad,2026-04-11 03:15:03.000,2026-04-11 03:14:00.000,0,2026-04-11 03:16:10.000,0,0
00 00:01:07.000,304,EXEC dbo.usp_LoadDailyExtract @RunDate = @p1,svc_etl,THREADPOOL waittime=67400 lastwaittype=THREADPOOL,0,0,0,,0,0,0,92,suspended,,0,0.0,ETL-WRK-03,StagingDB,SSIS-Package-NightlyLoad,2026-04-11 03:15:04.000,2026-04-11 03:14:00.000,0,2026-04-11 03:16:10.000,0,0
00 00:01:06.000,305,EXEC dbo.usp_LoadDailyExtract @RunDate = @p1,svc_etl,THREADPOOL waittime=66500 lastwaittype=THREADPOOL,0,0,0,,0,0,0,135,suspended,,0,0.0,ETL-WRK-03,StagingDB,SSIS-Package-NightlyLoad,2026-04-11 03:15:05.000,2026-04-11 03:14:00.000,0,2026-04-11 03:16:10.000,0,0
00 00:01:05.000,306,EXEC dbo.usp_LoadDailyExtract @RunDate = @p1,svc_etl,THREADPOOL waittime=65600 lastwaittype=THREADPOOL,0,0,0,,0,0,0,181,suspended,,0,0.0,ETL-WRK-03,StagingDB,SSIS-Package-NightlyLoad,2026-04-11 03:15:06.000,2026-04-11 03:14:00.000,0,2026-04-11 03:16:10.000,0,0
00 00:01:04.000,307,EXEC dbo.usp_LoadDailyExtract @RunDate = @p1,svc_etl,THREADPOOL waittime=64700 lastwaittype=THREADPOOL,0,0,0,,0,0,0,119,suspended,,0,0.0,ETL-WRK-03,StagingDB,SSIS-Package-NightlyLoad,2026-04-11 03:15:07.000,2026-04-11 03:14:00.000,0,2026-04-11 03:16:10.000,0,0
00 00:01:03.000,308,EXEC dbo.usp_LoadDailyExtract @RunDate = @p1,svc_etl,THREADPOOL waittime=63800 lastwaittype=THREADPOOL,0,0,0,,0,0,0,160,suspended,,0,0.0,ETL-WRK-03,StagingDB,SSIS-Package-NightlyLoad,2026-04-11 03:15:08.000,2026-04-11 03:14:00.000,0,2026-04-11 03:16:10.000,0,0
00 00:01:02.000,309,EXEC dbo.usp_LoadDailyExtract @RunDate = @p1,svc_etl,THREADPOOL waittime=62900 lastwaittype=THREADPOOL,0,0,0,,0,0,0,89,suspended,,0,0.0,ETL-WRK-03,StagingDB,SSIS-Package-NightlyLoad,2026-04-11 03:15:09.000,2026-04-11 03:14:00.000,0,2026-04-11 03:16:10.000,0,0
00 00:01:02.000,310,EXEC dbo.usp_LoadDailyExtract @RunDate = @p1,svc_etl,THREADPOOL waittime=62000 lastwaittype=THREADPOOL,0,0,0,,0,0,0,92,suspended,,0,0.0,ETL-WRK-03,StagingDB,SSIS-Package-NightlyLoad,2026-04-11 03:15:10.000,2026-04-11 03:14:00.000,0,2026-04-11 03:16:10.000,0,0
00 00:01:16.000,300,EXEC dbo.usp_LoadDailyExtract @RunDate = @p1,svc_etl,THREADPOOL waittime=76000 lastwaittype=THREADPOOL,0,0,0,,0,0,0,138,suspended,,0,0.0,ETL-WRK-03,StagingDB,SSIS-Package-NightlyLoad,2026-04-11 03:15:00.000,2026-04-11 03:14:00.000,0,2026-04-11 03:16:15.000,0,0
00 00:01:15.000,301,EXEC dbo.usp_LoadDailyExtract @RunDate = @p1,svc_etl,THREADPOOL waittime=75100 lastwaittype=THREADPOOL,0,0,0,,0,0,0,163,suspended,,0,0.0,ETL-WRK-03,StagingDB,SSIS-Package-NightlyLoad,2026-04-11 03:15:01.000,2026-04-11 03:14:00.000,0,2026-04-11 03:16:15.000,0,0
00 00:01:14.000,302,EXEC dbo.usp_LoadDailyExtract @RunDate = @p1,svc_etl,THREADPOOL waittime=74200 lastwaittype=THREADPOOL,0,0,0,,0,0,0,128,suspended,,0,0.0,ETL-WRK-03,StagingDB,SSIS-Package-NightlyLoad,2026-04-11 03:15:02.000,2026-04-11 03:14:00.000,0,2026-04-11 03:16:15.000,0,0
00 00:01:13.000,303,EXEC dbo.usp_LoadDailyExtract @RunDate = @p1,svc_etl,THREADPOOL waittime=73300 lastwaittype=THREADPOOL,0,0,0,,0,0,0,69,suspended,,0,0.0,ETL-WRK-03,StagingDB,SSIS-Package-NightlyLoad,2026-04-11 03:15:03.000,2026-04-11 03:14:00.000,0,2026-04-11 03:16:15.000,0,0
00 00:01:12.000,304,EXEC dbo.usp_LoadDailyExtract @RunDate = @p1,svc_etl,THREADPOOL waittime=72400 lastwaittype=THREADPOOL,0,0,0,,0,0,0,183,suspended,,0,0.0,ETL-WRK-03,StagingDB,SSIS-Package-NightlyLoad,2026-04-11 03:15:04.000,2026-04-11 03:14:00.000,0,2026-04-11 03:16:15.000,0,0
00 00:01:11.000,305,EXEC dbo.usp_LoadDailyExtract @RunDate = @p1,svc_etl,THREADPOOL waittime=71500 lastwaittype=THREADPOOL,0,0,0,,0,0,0,114,suspended,,0,0.0,ETL-WRK-03,StagingDB,SSIS-Package-NightlyLoad,2026-04-11 03:15:05.000,2026-04-11 03:14:00.000,0,2026-04-11 03:16:15.000,0,0
00 00:01:10.000,306,EXEC dbo.usp_LoadDailyExtract @RunDate = @p1,svc_etl,THREADPOOL waittime=70600 lastwaittype=THREADPOOL,0,0,0,,0,0,0,74,suspended,,0,0.0,ETL-WRK-03,StagingDB,SSIS-Package-NightlyLoad,2026-04-11 03:15:06.000,2026-04-11 03:14:00.000,0,2026-04-11 03:16:15.000,0,0
00 00:01:09.000,307,EXEC dbo.usp_LoadDailyExtract @RunDate = @p1,svc_etl,THREADPOOL waittime=69700 lastwaittype=THREADPOOL,0,0,0,,0,0,0,169,suspended,,0,0.0,ETL-WRK-03,StagingDB,SSIS-Package-NightlyLoad,2026-04-11 03:15:07.000,2026-04-11 03:14:00.000,0,2026-04-11 03:16:15.000,0,0
00 00:01:08.000,308,EXEC dbo.usp_LoadDailyExtract @RunDate = @p1,svc_etl,THREADPOOL waittime=68800 lastwaittype=THREADPOOL,0,0,0,,0,0,0,100,suspended,,0,0.0,ETL-WRK-03,StagingDB,SSIS-Package-NightlyLoad,2026-04-11 03:15:08.000,2026-04-11 03:14:00.000,0,2026-04-11 03:16:15.000,0,0
00 00:01:07.000,309,EXEC dbo.usp_LoadDailyExtract @RunDate = @p1,svc_etl,THREADPOOL waittime=67900 lastwaittype=THREADPOOL,0,0,0,,0,0,0,200,suspended,,0,0.0,ETL-WRK-03,StagingDB,SSIS-Package-NightlyLoad,2026-04-11 03:15:09.000,2026-04-11 03:14:00.000,0,2026-04-11 03:16:15.000,0,0
00 00:01:07.000,310,EXEC dbo.usp_LoadDailyExtract @RunDate = @p1,svc_etl,THREADPOOL waittime=67000 lastwaittype=THREADPOOL,0,0,0,,0,0,0,187,suspended,,0,0.0,ETL-WRK-03,StagingDB,SSIS-Package-NightlyLoad,2026-04-11 03:15:10.000,2026-04-11 03:14:00.000,0,2026-04-11 03:16:15.000,0,0
00 00:01:21.000,300,EXEC dbo.usp_LoadDailyExtract @RunDate = @p1,svc_etl,THREADPOOL waittime=81000 lastwaittype=THREADPOOL,0,0,0,,0,0,0,107,suspended,,0,0.0,ETL-WRK-03,StagingDB,SSIS-Package-NightlyLoad,2026-04-11 03:15:00.000,2026-04-11 03:14:00.000,0,2026-04-11 03:16:20.000,0,0
00 00:01:20.000,301,EXEC dbo.usp_LoadDailyExtract @RunDate = @p1,svc_etl,THREADPOOL waittime=80100 lastwaittype=THREADPOOL,0,0,0,,0,0,0,148,suspended,,0,0.0,ETL-WRK-03,StagingDB,SSIS-Package-NightlyLoad,2026-04-11 03:15:01.000,2026-04-11 03:14:00.000,0,2026-04-11 03:16:20.000,0,0
00 00:01:19.000,302,EXEC dbo.usp_LoadDailyExtract @RunDate = @p1,svc_etl,THREADPOOL waittime=79200 lastwaittype=THREADPOOL,0,0,0,,0,0,0,71,suspended,,0,0.0,ETL-WRK-03,StagingDB,SSIS-Package-NightlyLoad,2026-04-11 03:15:02.000,2026-04-11 03:14:00.000,0,2026-04-11 03:16:20.000,0,0
00 00:01:18.000,303,EXEC dbo.usp_LoadDailyExtract @RunDate = @p1,svc_etl,THREADPOOL waittime=78300 lastwaittype=THREADPOOL,0,0,0,,0,0,0,146,suspended,,0,0.0,ETL-WRK-03,StagingDB,SSIS-Package-NightlyLoad,2026-04-11 03:15:03.000,2026-04-11 03:14:00.000,0,2026-04-11 03:16:20.000,0,0
00 00:01:17.000,304,EXEC dbo.usp_LoadDailyExtract @RunDate = @p1,svc_etl,THREADPOOL waittime=77400 lastwaittype=THREADPOOL,0,0,0,,0,0,0,79,suspended,,0,0.0,ETL-WRK-03,StagingDB,SSIS-Package-NightlyLoad,2026-04-11 03:15:04.000,2026-04-11 03:14:00.000,0,2026-04-11 03:16:20.000,0,0
00 00:01:16.000,305,EXEC dbo.usp_LoadDailyExtract @RunDate = @p1,svc_etl,THREADPOOL waittime=76500 lastwaittype=THREADPOOL,0,0,0,,0,0,0,113,suspended,,0,0.0,ETL-WRK-03,StagingDB,SSIS-Package-NightlyLoad,2026-04-11 03:15:05.000,2026-04-11 03:14:00.000,0,2026-04-11 03:16:20.000,0,0
00 00:01:15.000,306,EXEC dbo.usp_LoadDailyExtract @RunDate = @p1,svc_etl,THREADPOOL waittime=75600 lastwaittype=THREADPOOL,0,0,0,,0,0,0,95,suspended,,0,0.0,ETL-WRK-03,StagingDB,SSIS-Package-NightlyLoad,2026-04-11 03:15:06.000,2026-04-11 03:14:00.000,0,2026-04-11 03:16:20.000,0,0
00 00:01:14.000,307,EXEC dbo.usp_LoadDailyExtract @RunDate = @p1,svc_etl,THREADPOOL waittime=74700 lastwaittype=THREADPOOL,0,0,0,,0,0,0,191,suspended,,0,0.0,ETL-WRK-03,StagingDB,SSIS-Package-NightlyLoad,2026-04-11 03:15:07.000,2026-04-11 03:14:00.000,0,2026-04-11 03:16:20.000,0,0
00 00:01:13.000,308,EXEC dbo.usp_LoadDailyExtract @RunDate = @p1,svc_etl,THREADPOOL waittime=73800 lastwaittype=THREADPOOL,0,0,0,,0,0,0,108,suspended,,0,0.0,ETL-WRK-03,StagingDB,SSIS-Package-NightlyLoad,2026-04-11 03:15:08.000,2026-04-11 03:14:00.000,0,2026-04-11 03:16:20.000,0,0
00 00:01:12.000,309,EXEC dbo.usp_LoadDailyExtract @RunDate = @p1,svc_etl,THREADPOOL waittime=72900 lastwaittype=THREADPOOL,0,0,0,,0,0,0,200,suspended,,0,0.0,ETL-WRK-03,StagingDB,SSIS-Package-NightlyLoad,2026-04-11 03:15:09.000,2026-04-11 03:14:00.000,0,2026-04-11 03:16:20.000,0,0
00 00:01:12.000,310,EXEC dbo.usp_LoadDailyExtract @RunDate = @p1,svc_etl,THREADPOOL waittime=72000 lastwaittype=THREADPOOL,0,0,0,,0,0,0,84,suspended,,0,0.0,ETL-WRK-03,StagingDB,SSIS-Package-NightlyLoad,2026-04-11 03:15:10.000,2026-04-11 03:14:00.000,0,2026-04-11 03:16:20.000,0,0
00 00:01:11.000,311,EXEC dbo.usp_LoadDailyExtract @RunDate = @p1,svc_etl,THREADPOOL waittime=71100 lastwaittype=THREADPOOL,0,0,0,,0,0,0,90,suspended,,0,0.0,ETL-WRK-03,StagingDB,SSIS-Package-NightlyLoad,2026-04-11 03:15:11.000,2026-04-11 03:14:00.000,0,2026-04-11 03:16:20.000,0,0
00 00:01:26.000,300,EXEC dbo.usp_LoadDailyExtract @RunDate = @p1,svc_etl,THREADPOOL waittime=86000 lastwaittype=THREADPOOL,0,0,0,,0,0,0,165,suspended,,0,0.0,ETL-WRK-03,StagingDB,SSIS-Package-NightlyLoad,2026-04-11 03:15:00.000,2026-04-11 03:14:00.000,0,2026-04-11 03:16:25.000,0,0
00 00:01:25.000,301,EXEC dbo.usp_LoadDailyExtract @RunDate = @p1,svc_etl,THREADPOOL waittime=85100 lastwaittype=THREADPOOL,0,0,0,,0,0,0,70,suspended,,0,0.0,ETL-WRK-03,StagingDB,SSIS-Package-NightlyLoad,2026-04-11 03:15:01.000,2026-04-11 03:14:00.000,0,2026-04-11 03:16:25.000,0,0
00 00:01:24.000,302,EXEC dbo.usp_LoadDailyExtract @RunDate = @p1,svc_etl,THREADPOOL waittime=84200 lastwaittype=THREADPOOL,0,0,0,,0,0,0,183,suspended,,0,0.0,ETL-WRK-03,StagingDB,SSIS-Package-NightlyLoad,2026-04-11 03:15:02.000,2026-04-11 03:14:00.000,0,2026-04-11 03:16:25.000,0,0
00 00:01:23.000,303,EXEC dbo.usp_LoadDailyExtract @RunDate = @p1,svc_etl,THREADPOOL waittime=83300 lastwaittype=THREADPOOL,0,0,0,,0,0,0,154,suspended,,0,0.0,ETL-WRK-03,StagingDB,SSIS-Package-NightlyLoad,2026-04-11 03:15:03.000,2026-04-11 03:14:00.000,0,2026-04-11 03:16:25.000,0,0
00 00:01:22.000,304,EXEC dbo.usp_LoadDailyExtract @RunDate = @p1,svc_etl,THREADPOOL waittime=82400 lastwaittype=THREADPOOL,0,0,0,,0,0,0,128,suspended,,0,0.0,ETL-WRK-03,StagingDB,SSIS-Package-NightlyLoad,2026-04-11 03:15:04.000,2026-04-11 03:14:00.000,0,2026-04-11 03:16:25.000,0,0
00 00:01:21.000,305,EXEC dbo.usp_LoadDailyExtract @RunDate = @p1,svc_etl,THREADPOOL waittime=81500 lastwaittype=THREADPOOL,0,0,0,,0,0,0,154,suspended,,0,0.0,ETL-WRK-03,StagingDB,SSIS-Package-NightlyLoad,2026-04-11 03:15:05.000,2026-04-11 03:14:00.000,0,2026-04-11 03:16:25.000,0,0
00 00:01:20.000,306,EXEC dbo.usp_LoadDailyExtract @RunDate = @p1,svc_etl,THREADPOOL waittime=80600 lastwaittype=THREADPOOL,0,0,0,,0,0,0,173,suspended,,0,0.0,ETL-WRK-03,StagingDB,SSIS-Package-NightlyLoad,2026-04-11 03:15:06.000,2026-04-11 03:14:00.000,0,2026-04-11 03:16:25.000,0,0
00 00:01:19.000,307,EXEC dbo.usp_LoadDailyExtract @RunDate = @p1,svc_etl,THREADPOOL waittime=79700 lastwaittype=THREADPOOL,0,0,0,,0,0,0,183,suspended,,0,0.0,ETL-WRK-03,StagingDB,SSIS-Package-NightlyLoad,2026-04-11 03:15:07.000,2026-04-11 03:14:00.000,0,2026-04-11 03:16:25.000,0,0
00 00:01:18.000,308,EXEC dbo.usp_LoadDailyExtract @RunDate = @p1,svc_etl,THREADPOOL waittime=78800 lastwaittype=THREADPOOL,0,0,0,,0,0,0,107,suspended,,0,0.0,ETL-WRK-03,StagingDB,SSIS-Package-NightlyLoad,2026-04-11 03:15:08.000,2026-04-11 03:14:00.000,0,2026-04-11 03:16:25.000,0,0
00 00:01:17.000,309,EXEC dbo.usp_LoadDailyExtract @RunDate = @p1,svc_etl,THREADPOOL waittime=77900 lastwaittype=THREADPOOL,0,0,0,,0,0,0,68,suspended,,0,0.0,ETL-WRK-03,StagingDB,SSIS-Package-NightlyLoad,2026-04-11 03:15:09.000,2026-04-11 03:14:00.000,0,2026-04-11 03:16:25.000,0,0
00 00:01:17.000,310,EXEC dbo.usp_LoadDailyExtract @RunDate = @p1,svc_etl,THREADPOOL waittime=77000 lastwaittype=THREADPOOL,0,0,0,,0,0,0,102,suspended,,0,0.0,ETL-WRK-03,StagingDB,SSIS-Package-NightlyLoad,2026-04-11 03:15:10.000,2026-04-11 03:14:00.000,0,2026-04-11 03:16:25.000,0,0
00 00:01:16.000,311,EXEC dbo.usp_LoadDailyExtract @RunDate = @p1,svc_etl,THREADPOOL waittime=76100 lastwaittype=THREADPOOL,0,0,0,,0,0,0,154,suspended,,0,0.0,ETL-WRK-03,StagingDB,SSIS-Package-NightlyLoad,2026-04-11 03:15:11.000,2026-04-11 03:14:00.000,0,2026-04-11 03:16:25.000,0,0
00 00:01:31.000,300,EXEC dbo.usp_LoadDailyExtract @RunDate = @p1,svc_etl,THREADPOOL waittime=91000 lastwaittype=THREADPOOL,0,0,0,,0,0,0,86,suspended,,0,0.0,ETL-WRK-03,StagingDB,SSIS-Package-NightlyLoad,2026-04-11 03:15:00.000,2026-04-11 03:14:00.000,0,2026-04-11 03:16:30.000,0,0
00 00:01:30.000,301,EXEC dbo.usp_LoadDailyExtract @RunDate = @p1,svc_etl,THREADPOOL waittime=90100 lastwaittype=THREADPOOL,0,0,0,,0,0,0,136,suspended,,0,0.0,ETL-WRK-03,StagingDB,SSIS-Package-NightlyLoad,2026-04-11 03:15:01.000,2026-04-11 03:14:00.000,0,2026-04-11 03:16:30.000,0,0
00 00:01:29.000,302,EXEC dbo.usp_LoadDailyExtract @RunDate = @p1,svc_etl,THREADPOOL waittime=89200 lastwaittype=THREADPOOL,0,0,0,,0,0,0,167,suspended,,0,0.0,ETL-WRK-03,StagingDB,SSIS-Package-NightlyLoad,2026-04-11 03:15:02.000,2026-04-11 03:14:00.000,0,2026-04-11 03:16:30.000,0,0
00 00:01:28.000,303,EXEC dbo.usp_LoadDailyExtract @RunDate = @p1,svc_etl,THREADPOOL waittime=88300 lastwaittype=THREADPOOL,0,0,0,,0,0,0,153,suspended,,0,0.0,ETL-WRK-03,StagingDB,SSIS-Package-NightlyLoad,2026-04-11 03:15:03.000,2026-04-11 03:14:00.000,0,2026-04-11 03:16:30.000,0,0
00 00:01:27.000,304,EXEC dbo.usp_LoadDailyExtract @RunDate = @p1,svc_etl,THREADPOOL waittime=87400 lastwaittype=THREADPOOL,0,0,0,,0,0,0,88,suspended,,0,0.0,ETL-WRK-03,StagingDB,SSIS-Package-NightlyLoad,2026-04-11 03:15:04.000,2026-04-11 03:14:00.000,0,2026-04-11 03:16:30.000,0,0
00 00:01:26.000,305,EXEC dbo.usp_LoadDailyExtract @RunDate = @p1,svc_etl,THREADPOOL waittime=86500 lastwaittype=THREADPOOL,0,0,0,,0,0,0,106,suspended,,0,0.0,ETL-WRK-03,StagingDB,SSIS-Package-NightlyLoad,2026-04-11 03:15:05.000,2026-04-11 03:14:00.000,0,2026-04-11 03:16:30.000,0,0
00 00:01:25.000,306,EXEC dbo.usp_LoadDailyExtract @RunDate = @p1,svc_etl,THREADPOOL waittime=85600 lastwaittype=THREADPOOL,0,0,0,,0,0,0,119,suspended,,0,0.0,ETL-WRK-03,StagingDB,SSIS-Package-NightlyLoad,2026-04-11 03:15:06.000,2026-04-11 03:14:00.000,0,2026-04-11 03:16:30.000,0,0
00 00:01:24.000,307,EXEC dbo.usp_LoadDailyExtract @RunDate = @p1,svc_etl,THREADPOOL waittime=84700 lastwaittype=THREADPOOL,0,0,0,,0,0,0,71,suspended,,0,0.0,ETL-WRK-03,StagingDB,SSIS-Package-NightlyLoad,2026-04-11 03:15:07.000,2026-04-11 03:14:00.000,0,2026-04-11 03:16:30.000,0,0
00 00:01:23.000,308,EXEC dbo.usp_LoadDailyExtract @RunDate = @p1,svc_etl,THREADPOOL waittime=83800 lastwaittype=THREADPOOL,0,0,0,,0,0,0,195,suspended,,0,0.0,ETL-WRK-03,StagingDB,SSIS-Package-NightlyLoad,2026-04-11 03:15:08.000,2026-04-11 03:14:00.000,0,2026-04-11 03:16:30.000,0,0
00 00:01:22.000,309,EXEC dbo.usp_LoadDailyExtract @RunDate = @p1,svc_etl,THREADPOOL waittime=82900 lastwaittype=THREADPOOL,0,0,0,,0,0,0,88,suspended,,0,0.0,ETL-WRK-03,StagingDB,SSIS-Package-NightlyLoad,2026-04-11 03:15:09.000,2026-04-11 03:14:00.000,0,2026-04-11 03:16:30.000,0,0
00 00:01:22.000,310,EXEC dbo.usp_LoadDailyExtract @RunDate = @p1,svc_etl,THREADPOOL waittime=82000 lastwaittype=THREADPOOL,0,0,0,,0,0,0,152,suspended,,0,0.0,ETL-WRK-03,StagingDB,SSIS-Package-NightlyLoad,2026-04-11 03:15:10.000,2026-04-11 03:14:00.000,0,2026-04-11 03:16:30.000,0,0
00 00:01:21.000,311,EXEC dbo.usp_LoadDailyExtract @RunDate = @p1,svc_etl,THREADPOOL waittime=81100 lastwaittype=THREADPOOL,0,0,0,,0,0,0,65,suspended,,0,0.0,ETL-WRK-03,StagingDB,SSIS-Package-NightlyLoad,2026-04-11 03:15:11.000,2026-04-11 03:14:00.000,0,2026-04-11 03:16:30.000,0,0
00 00:01:20.000,312,EXEC dbo.usp_LoadDailyExtract @RunDate = @p1,svc_etl,THREADPOOL waittime=80200 lastwaittype=THREADPOOL,0,0,0,,0,0,0,98,suspended,,0,0.0,ETL-WRK-03,StagingDB,SSIS-Package-NightlyLoad,2026-04-11 03:15:12.000,2026-04-11 03:14:00.000,0,2026-04-11 03:16:30.000,0,0
00 00:01:36.000,300,EXEC dbo.usp_LoadDailyExtract @RunDate = @p1,svc_etl,THREADPOOL waittime=96000 lastwaittype=THREADPOOL,0,0,0,,0,0,0,183,suspended,,0,0.0,ETL-WRK-03,StagingDB,SSIS-Package-NightlyLoad,2026-04-11 03:15:00.000,2026-04-11 03:14:00.000,0,2026-04-11 03:16:35.000,0,0
00 00:01:35.000,301,EXEC dbo.usp_LoadDailyExtract @RunDate = @p1,svc_etl,THREADPOOL waittime=95100 lastwaittype=THREADPOOL,0,0,0,,0,0,0,173,suspended,,0,0.0,ETL-WRK-03,StagingDB,SSIS-Package-NightlyLoad,2026-04-11 03:15:01.000,2026-04-11 03:14:00.000,0,2026-04-11 03:16:35.000,0,0
00 00:01:34.000,302,EXEC dbo.usp_LoadDailyExtract @RunDate = @p1,svc_etl,THREADPOOL waittime=94200 lastwaittype=THREADPOOL,0,0,0,,0,0,0,78,suspended,,0,0.0,ETL-WRK-03,StagingDB,SSIS-Package-NightlyLoad,2026-04-11 03:15:02.000,2026-04-11 03:14:00.000,0,2026-04-11 03:16:35.000,0,0
00 00:01:33.000,303,EXEC dbo.usp_LoadDailyExtract @RunDate = @p1,svc_etl,THREADPOOL waittime=93300 lastwaittype=THREADPOOL,0,0,0,,0,0,0,85,suspended,,0,0.0,ETL-WRK-03,StagingDB,SSIS-Package-NightlyLoad,2026-04-11 03:15:03.000,2026-04-11 03:14:00.000,0,2026-04-11 03:16:35.000,0,0
00 00:01:32.000,304,EXEC dbo.usp_LoadDailyExtract @RunDate = @p1,svc_etl,THREADPOOL waittime=92400 lastwaittype=THREADPOOL,0,0,0,,0,0,0,156,suspended,,0,0.0,ETL-WRK-03,StagingDB,SSIS-Package-NightlyLoad,2026-04-11 03:15:04.000,2026-04-11 03:14:00.000,0,2026-04-11 03:16:35.000,0,0
00 00:01:31.000,305,EXEC dbo.usp_LoadDailyExtract @RunDate = @p1,svc_etl,THREADPOOL waittime=91500 lastwaittype=THREADPOOL,0,0,0,,0,0,0,184,suspended,,0,0.0,ETL-WRK-03,StagingDB,SSIS-Package-NightlyLoad,2026-04-11 03:15:05.000,2026-04-11 03:14:00.000,0,2026-04-11 03:16:35.000,0,0
00 00:01:30.000,306,EXEC dbo.usp_LoadDailyExtract @RunDate = @p1,svc_etl,THREADPOOL waittime=90600 lastwaittype=THREADPOOL,0,0,0,,0,0,0,153,suspended,,0,0.0,ETL-WRK-03,StagingDB,SSIS-Package-NightlyLoad,2026-04-11 03:15:06.000,2026-04-11 03:14:00.000,0,2026-04-11 03:16:35.000,0,0
00 00:01:29.000,307,EXEC dbo.usp_LoadDailyExtract @RunDate = @p1,svc_etl,THREADPOOL waittime=89700 lastwaittype=THREADPOOL,0,0,0,,0,0,0,200,suspended,,0,0.0,ETL-WRK-03,StagingDB,SSIS-Package-NightlyLoad,2026-04-11 03:15:07.000,2026-04-11 03:14:00.000,0,2026-04-11 03:16:35.000,0,0
00 00:01:28.000,308,EXEC dbo.usp_LoadDailyExtract @RunDate = @p1,svc_etl,THREADPOOL waittime=88800 lastwaittype=THREADPOOL,0,0,0,,0,0,0,84,suspended,,0,0.0,ETL-WRK-03,StagingDB,SSIS-Package-NightlyLoad,2026-04-11 03:15:08.000,2026-04-11 03:14:00.000,0,2026-04-11 03:16:35.000,0,0
00 00:01:27.000,309,EXEC dbo.usp_LoadDailyExtract @RunDate = @p1,svc_etl,THREADPOOL waittime=87900 lastwaittype=THREADPOOL,0,0,0,,0,0,0,198,suspended,,0,0.0,ETL-WRK-03,StagingDB,SSIS-Package-NightlyLoad,2026-04-11 03:15:09.000,2026-04-11 03:14:00.000,0,2026-04-11 03:16:35.000,0,0
00 00:01:27.000,310,EXEC dbo.usp_LoadDailyExtract @RunDate = @p1,svc_etl,THREADPOOL waittime=87000 lastwaittype=THREADPOOL,0,0,0,,0,0,0,183,suspended,,0,0.0,ETL-WRK-03,StagingDB,SSIS-Package-NightlyLoad,2026-04-11 03:15:10.000,2026-04-11 03:14:00.000,0,2026-04-11 03:16:35.000,0,0
00 00:01:26.000,311,EXEC dbo.usp_LoadDailyExtract @RunDate = @p1,svc_etl,THREADPOOL waittime=86100 lastwaittype=THREADPOOL,0,0,0,,0,0,0,72,suspended,,0,0.0,ETL-WRK-03,StagingDB,SSIS-Package-NightlyLoad,2026-04-11 03:15:11.000,2026-04-11 03:14:00.000,0,2026-04-11 03:16:35.000,0,0
00 00:01:25.000,312,EXEC dbo.usp_LoadDailyExtract @RunDate = @p1,svc_etl,THREADPOOL waittime=85200 lastwaittype=THREADPOOL,0,0,0,,0,0,0,89,suspended,,0,0.0,ETL-WRK-03,StagingDB,SSIS-Package-NightlyLoad,2026-04-11 03:15:12.000,2026-04-11 03:14:00.000,0,2026-04-11 03:16:35.000,0,0
00 00:01:41.000,300,EXEC dbo.usp_LoadDailyExtract @RunDate = @p1,svc_etl,THREADPOOL waittime=101000 lastwaittype=THREADPOOL,0,0,0,,0,0,0,143,suspended,,0,0.0,ETL-WRK-03,StagingDB,SSIS-Package-NightlyLoad,2026-04-11 03:15:00.000,2026-04-11 03:14:00.000,0,2026-04-11 03:16:40.000,0,0
00 00:01:40.000,301,EXEC dbo.usp_LoadDailyExtract @RunDate = @p1,svc_etl,THREADPOOL waittime=100100 lastwaittype=THREADPOOL,0,0,0,,0,0,0,122,suspended,,0,0.0,ETL-WRK-03,StagingDB,SSIS-Package-NightlyLoad,2026-04-11 03:15:01.000,2026-04-11 03:14:00.000,0,2026-04-11 03:16:40.000,0,0
00 00:01:39.000,302,EXEC dbo.usp_LoadDailyExtract @RunDate = @p1,svc_etl,THREADPOOL waittime=99200 lastwaittype=THREADPOOL,0,0,0,,0,0,0,147,suspended,,0,0.0,ETL-WRK-03,StagingDB,SSIS-Package-NightlyLoad,2026-04-11 03:15:02.000,2026-04-11 03:14:00.000,0,2026-04-11 03:16:40.000,0,0
00 00:01:38.000,303,EXEC dbo.usp_LoadDailyExtract @RunDate = @p1,svc_etl,THREADPOOL waittime=98300 lastwaittype=THREADPOOL,0,0,0,,0,0,0,168,suspended,,0,0.0,ETL-WRK-03,StagingDB,SSIS-Package-NightlyLoad,2026-04-11 03:15:03.000,2026-04-11 03:14:00.000,0,2026-04-11 03:16:40.000,0,0
00 00:01:37.000,304,EXEC dbo.usp_LoadDailyExtract @RunDate = @p1,svc_etl,THREADPOOL waittime=97400 lastwaittype=THREADPOOL,0,0,0,,0,0,0,67,suspended,,0,0.0,ETL-WRK-03,StagingDB,SSIS-Package-NightlyLoad,2026-04-11 03:15:04.000,2026-04-11 03:14:00.000,0,2026-04-11 03:16:40.000,0,0
00 00:01:36.000,305,EXEC dbo.usp_LoadDailyExtract @RunDate = @p1,svc_etl,THREADPOOL waittime=96500 lastwaittype=THREADPOOL,0,0,0,,0,0,0,183,suspended,,0,0.0,ETL-WRK-03,StagingDB,SSIS-Package-NightlyLoad,2026-04-11 03:15:05.000,2026-04-11 03:14:00.000,0,2026-04-11 03:16:40.000,0,0
00 00:01:35.000,306,EXEC dbo.usp_LoadDailyExtract @RunDate = @p1,svc_etl,THREADPOOL waittime=95600 lastwaittype=THREADPOOL,0,0,0,,0,0,0,146,suspended,,0,0.0,ETL-WRK-03,StagingDB,SSIS-Package-NightlyLoad,2026-04-11 03:15:06.000,2026-04-11 03:14:00.000,0,2026-04-11 03:16:40.000,0,0
00 00:01:34.000,307,EXEC dbo.usp_LoadDailyExtract @RunDate = @p1,svc_etl,THREADPOOL waittime=94700 lastwaittype=THREADPOOL,0,0,0,,0,0,0,159,suspended,,0,0.0,ETL-WRK-03,StagingDB,SSIS-Package-NightlyLoad,2026-04-11 03:15:07.000,2026-04-11 03:14:00.000,0,2026-04-11 03:16:40.000,0,0
00 00:01:33.000,308,EXEC dbo.usp_LoadDailyExtract @RunDate = @p1,svc_etl,THREADPOOL waittime=93800 lastwaittype=THREADPOOL,0,0,0,,0,0,0,145,suspended,,0,0.0,ETL-WRK-03,StagingDB,SSIS-Package-NightlyLoad,2026-04-11 03:15:08.000,2026-04-11 03:14:00.000,0,2026-04-11 03:16:40.000,0,0
00 00:01:32.000,309,EXEC dbo.usp_LoadDailyExtract @RunDate = @p1,svc_etl,THREADPOOL waittime=92900 lastwaittype=THREADPOOL,0,0,0,,0,0,0,107,suspended,,0,0.0,ETL-WRK-03,StagingDB,SSIS-Package-NightlyLoad,2026-04-11 03:15:09.000,2026-04-11 03:14:00.000,0,2026-04-11 03:16:40.000,0,0
00 00:01:32.000,310,EXEC dbo.usp_LoadDailyExtract @RunDate = @p1,svc_etl,THREADPOOL waittime=92000 lastwaittype=THREADPOOL,0,0,0,,0,0,0,110,suspended,,0,0.0,ETL-WRK-03,StagingDB,SSIS-Package-NightlyLoad,2026-04-11 03:15:10.000,2026-04-11 03:14:00.000,0,2026-04-11 03:16:40.000,0,0
00 00:01:31.000,311,EXEC dbo.usp_LoadDailyExtract @RunDate = @p1,svc_etl,THREADPOOL waittime=91100 lastwaittype=THREADPOOL,0,0,0,,0,0,0,134,suspended,,0,0.0,ETL-WRK-03,StagingDB,SSIS-Package-NightlyLoad,2026-04-11 03:15:11.000,2026-04-11 03:14:00.000,0,2026-04-11 03:16:40.000,0,0
00 00:01:30.000,312,EXEC dbo.usp_LoadDailyExtract @RunDate = @p1,svc_etl,THREADPOOL waittime=90200 lastwaittype=THREADPOOL,0,0,0,,0,0,0,187,suspended,,0,0.0,ETL-WRK-03,StagingDB,SSIS-Package-NightlyLoad,2026-04-11 03:15:12.000,2026-04-11 03:14:00.000,0,2026-04-11 03:16:40.000,0,0
00 00:01:29.000,313,EXEC dbo.usp_LoadDailyExtract @RunDate = @p1,svc_etl,THREADPOOL waittime=89300 lastwaittype=THREADPOOL,0,0,0,,0,0,0,169,suspended,,0,0.0,ETL-WRK-03,StagingDB,SSIS-Package-NightlyLoad,2026-04-11 03:15:13.000,2026-04-11 03:14:00.000,0,2026-04-11 03:16:40.000,0,0
00 00:01:46.000,300,EXEC dbo.usp_LoadDailyExtract @RunDate = @p1,svc_etl,THREADPOOL waittime=106000 lastwaittype=THREADPOOL,0,0,0,,0,0,0,123,suspended,,0,0.0,ETL-WRK-03,StagingDB,SSIS-Package-NightlyLoad,2026-04-11 03:15:00.000,2026-04-11 03:14:00.000,0,2026-04-11 03:16:45.000,0,0
00 00:01:45.000,301,EXEC dbo.usp_LoadDailyExtract @RunDate = @p1,svc_etl,THREADPOOL waittime=105100 lastwaittype=THREADPOOL,0,0,0,,0,0,0,150,suspended,,0,0.0,ETL-WRK-03,StagingDB,SSIS-Package-NightlyLoad,2026-04-11 03:15:01.000,2026-04-11 03:14:00.000,0,2026-04-11 03:16:45.000,0,0
00 00:01:44.000,302,EXEC dbo.usp_LoadDailyExtract @RunDate = @p1,svc_etl,THREADPOOL waittime=104200 lastwaittype=THREADPOOL,0,0,0,,0,0,0,105,suspended,,0,0.0,ETL-WRK-03,StagingDB,SSIS-Package-NightlyLoad,2026-04-11 03:15:02.000,2026-04-11 03:14:00.000,0,2026-04-11 03:16:45.000,0,0
00 00:01:43.000,303,EXEC dbo.usp_LoadDailyExtract @RunDate = @p1,svc_etl,THREADPOOL waittime=103300 lastwaittype=THREADPOOL,0,0,0,,0,0,0,66,suspended,,0,0.0,ETL-WRK-03,StagingDB,SSIS-Package-NightlyLoad,2026-04-11 03:15:03.000,2026-04-11 03:14:00.000,0,2026-04-11 03:16:45.000,0,0
00 00:01:42.000,304,EXEC dbo.usp_LoadDailyExtract @RunDate = @p1,svc_etl,THREADPOOL waittime=102400 lastwaittype=THREADPOOL,0,0,0,,0,0,0,99,suspended,,0,0.0,ETL-WRK-03,StagingDB,SSIS-Package-NightlyLoad,2026-04-11 03:15:04.000,2026-04-11 03:14:00.000,0,2026-04-11 03:16:45.000,0,0
00 00:01:41.000,305,EXEC dbo.usp_LoadDailyExtract @RunDate = @p1,svc_etl,THREADPOOL waittime=101500 lastwaittype=THREADPOOL,0,0,0,,0,0,0,66,suspended,,0,0.0,ETL-WRK-03,StagingDB,SSIS-Package-NightlyLoad,2026-04-11 03:15:05.000,2026-04-11 03:14:00.000,0,2026-04-11 03:16:45.000,0,0
00 00:01:40.000,306,EXEC dbo.usp_LoadDailyExtract @RunDate = @p1,svc_etl,THREADPOOL waittime=100600 lastwaittype=THREADPOOL,0,0,0,,0,0,0,198,suspended,,0,0.0,ETL-WRK-03,StagingDB,SSIS-Package-NightlyLoad,2026-04-11 03:15:06.000,2026-04-11 03:14:00.000,0,2026-04-11 03:16:45.000,0,0
00 00:01:39.000,307,EXEC dbo.usp_LoadDailyExtract @RunDate = @p1,svc_etl,THREADPOOL waittime=99700 lastwaittype=THREADPOOL,0,0,0,,0,0,0,165,suspended,,0,0.0,ETL-WRK-03,StagingDB,SSIS-Package-NightlyLoad,2026-04-11 03:15:07.000,2026-04-11 03:14:00.000,0,2026-04-11 03:16:45.000,0,0
00 00:01:38.000,308,EXEC dbo.usp_LoadDailyExtract @RunDate = @p1,svc_etl,THREADPOOL waittime=98800 lastwaittype=THREADPOOL,0,0,0,,0,0,0,114,suspended,,0,0.0,ETL-WRK-03,StagingDB,SSIS-Package-NightlyLoad,2026-04-11 03:15:08.000,2026-04-11 03:14:00.000,0,2026-04-11 03:16:45.000,0,0
00 00:01:37.000,309,EXEC dbo.usp_LoadDailyExtract @RunDate = @p1,svc_etl,THREADPOOL waittime=97900 lastwaittype=THREADPOOL,0,0,0,,0,0,0,114,suspended,,0,0.0,ETL-WRK-03,StagingDB,SSIS-Package-NightlyLoad,2026-04-11 03:15:09.000,2026-04-11 03:14:00.000,0,2026-04-11 03:16:45.000,0,0
00 00:01:37.000,310,EXEC dbo.usp_LoadDailyExtract @RunDate = @p1,svc_etl,THREADPOOL waittime=97000 lastwaittype=THREADPOOL,0,0,0,,0,0,0,182,suspended,,0,0.0,ETL-WRK-03,StagingDB,SSIS-Package-NightlyLoad,2026-04-11 03:15:10.000,2026-04-11 03:14:00.000,0,2026-04-11 03:16:45.000,0,0
00 00:01:36.000,311,EXEC dbo.usp_LoadDailyExtract @RunDate = @p1,svc_etl,THREADPOOL waittime=96100 lastwaittype=THREADPOOL,0,0,0,,0,0,0,132,suspended,,0,0.0,ETL-WRK-03,StagingDB,SSIS-Package-NightlyLoad,2026-04-11 03:15:11.000,2026-04-11 03:14:00.000,0,2026-04-11 03:16:45.000,0,0
00 00:01:35.000,312,EXEC dbo.usp_LoadDailyExtract @RunDate = @p1,svc_etl,THREADPOOL waittime=95200 lastwaittype=THREADPOOL,0,0,0,,0,0,0,67,suspended,,0,0.0,ETL-WRK-03,StagingDB,SSIS-Package-NightlyLoad,2026-04-11 03:15:12.000,2026-04-11 03:14:00.000,0,2026-04-11 03:16:45.000,0,0
00 00:01:34.000,313,EXEC dbo.usp_LoadDailyExtract @RunDate = @p1,svc_etl,THREADPOOL waittime=94300 lastwaittype=THREADPOOL,0,0,0,,0,0,0,144,suspended,,0,0.0,ETL-WRK-03,StagingDB,SSIS-Package-NightlyLoad,2026-04-11 03:15:13.000,2026-04-11 03:14:00.000,0,2026-04-11 03:16:45.000,0,0
00 00:01:51.000,300,EXEC dbo.usp_LoadDailyExtract @RunDate = @p1,svc_etl,THREADPOOL waittime=111000 lastwaittype=THREADPOOL,0,0,0,,0,0,0,109,suspended,,0,0.0,ETL-WRK-03,StagingDB,SSIS-Package-NightlyLoad,2026-04-11 03:15:00.000,2026-04-11 03:14:00.000,0,2026-04-11 03:16:50.000,0,0
00 00:01:50.000,301,EXEC dbo.usp_LoadDailyExtract @RunDate = @p1,svc_etl,THREADPOOL waittime=110100 lastwaittype=THREADPOOL,0,0,0,,0,0,0,81,suspended,,0,0.0,ETL-WRK-03,StagingDB,SSIS-Package-NightlyLoad,2026-04-11 03:15:01.000,2026-04-11 03:14:00.000,0,2026-04-11 03:16:50.000,0,0
00 00:01:49.000,302,EXEC dbo.usp_LoadDailyExtract @RunDate = @p1,svc_etl,THREADPOOL waittime=109200 lastwaittype=THREADPOOL,0,0,0,,0,0,0,106,suspended,,0,0.0,ETL-WRK-03,StagingDB,SSIS-Package-NightlyLoad,2026-04-11 03:15:02.000,2026-04-11 03:14:00.000,0,2026-04-11 03:16:50.000,0,0
00 00:01:48.000,303,EXEC dbo.usp_LoadDailyExtract @RunDate = @p1,svc_etl,THREADPOOL waittime=108300 lastwaittype=THREADPOOL,0,0,0,,0,0,0,158,suspended,,0,0.0,ETL-WRK-03,StagingDB,SSIS-Package-NightlyLoad,2026-04-11 03:15:03.000,2026-04-11 03:14:00.000,0,2026-04-11 03:16:50.000,0,0
00 00:01:47.000,304,EXEC dbo.usp_LoadDailyExtract @RunDate = @p1,svc_etl,THREADPOOL waittime=107400 lastwaittype=THREADPOOL,0,0,0,,0,0,0,86,suspended,,0,0.0,ETL-WRK-03,StagingDB,SSIS-Package-NightlyLoad,2026-04-11 03:15:04.000,2026-04-11 03:14:00.000,0,2026-04-11 03:16:50.000,0,0
00 00:01:46.000,305,EXEC dbo.usp_LoadDailyExtract @RunDate = @p1,svc_etl,THREADPOOL waittime=106500 lastwaittype=THREADPOOL,0,0,0,,0,0,0,107,suspended,,0,0.0,ETL-WRK-03,StagingDB,SSIS-Package-NightlyLoad,2026-04-11 03:15:05.000,2026-04-11 03:14:00.000,0,2026-04-11 03:16:50.000,0,0
00 00:01:45.000,306,EXEC dbo.usp_LoadDailyExtract @RunDate = @p1,svc_etl,THREADPOOL waittime=105600 lastwaittype=THREADPOOL,0,0,0,,0,0,0,182,suspended,,0,0.0,ETL-WRK-03,StagingDB,SSIS-Package-NightlyLoad,2026-04-11 03:15:06.000,2026-04-11 03:14:00.000,0,2026-04-11 03:16:50.000,0,0
00 00:01:44.000,307,EXEC dbo.usp_LoadDailyExtract @RunDate = @p1,svc_etl,THREADPOOL waittime=104700 lastwaittype=THREADPOOL,0,0,0,,0,0,0,187,suspended,,0,0.0,ETL-WRK-03,StagingDB,SSIS-Package-NightlyLoad,2026-04-11 03:15:07.000,2026-04-11 03:14:00.000,0,2026-04-11 03:16:50.000,0,0
00 00:01:43.000,308,EXEC dbo.usp_LoadDailyExtract @RunDate = @p1,svc_etl,THREADPOOL waittime=103800 lastwaittype=THREADPOOL,0,0,0,,0,0,0,149,suspended,,0,0.0,ETL-WRK-03,StagingDB,SSIS-Package-NightlyLoad,2026-04-11 03:15:08.000,2026-04-11 03:14:00.000,0,2026-04-11 03:16:50.000,0,0
00 00:01:42.000,309,EXEC dbo.usp_LoadDailyExtract @RunDate = @p1,svc_etl,THREADPOOL waittime=102900 lastwaittype=THREADPOOL,0,0,0,,0,0,0,145,suspended,,0,0.0,ETL-WRK-03,StagingDB,SSIS-Package-NightlyLoad,2026-04-11 03:15:09.000,2026-04-11 03:14:00.000,0,2026-04-11 03:16:50.000,0,0
00 00:01:42.000,310,EXEC dbo.usp_LoadDailyExtract @RunDate = @p1,svc_etl,THREADPOOL waittime=102000 lastwaittype=THREADPOOL,0,0,0,,0,0,0,64,suspended,,0,0.0,ETL-WRK-03,StagingDB,SSIS-Package-NightlyLoad,2026-04-11 03:15:10.000,2026-04-11 03:14:00.000,0,2026-04-11 03:16:50.000,0,0
00 00:01:41.000,311,EXEC dbo.usp_LoadDailyExtract @RunDate = @p1,svc_etl,THREADPOOL waittime=101100 lastwaittype=THREADPOOL,0,0,0,,0,0,0,127,suspended,,0,0.0,ETL-WRK-03,StagingDB,SSIS-Package-NightlyLoad,2026-04-11 03:15:11.000,2026-04-11 03:14:00.000,0,2026-04-11 03:16:50.000,0,0
00 00:01:40.000,312,EXEC dbo.usp_LoadDailyExtract @RunDate = @p1,svc_etl,THREADPOOL waittime=100200 lastwaittype=THREADPOOL,0,0,0,,0,0,0,76,suspended,,0,0.0,ETL-WRK-03,StagingDB,SSIS-Package-NightlyLoad,2026-04-11 03:15:12.000,2026-04-11 03:14:00.000,0,2026-04-11 03:16:50.000,0,0
00 00:01:39.000,313,EXEC dbo.usp_LoadDailyExtract @RunDate = @p1,svc_etl,THREADPOOL waittime=99300 lastwaittype=THREADPOOL,0,0,0,,0,0,0,69,suspended,,0,0.0,ETL-WRK-03,StagingDB,SSIS-Package-NightlyLoad,2026-04-11 03:15:13.000,2026-04-11 03:14:00.000,0,2026-04-11 03:16:50.000,0,0
00 00:01:38.000,314,EXEC dbo.usp_LoadDailyExtract @RunDate = @p1,svc_etl,THREADPOOL waittime=98400 lastwaittype=THREADPOOL,0,0,0,,0,0,0,171,suspended,,0,0.0,ETL-WRK-03,StagingDB,SSIS-Package-NightlyLoad,2026-04-11 03:15:14.000,2026-04-11 03:14:00.000,0,2026-04-11 03:16:50.000,0,0
00 00:01:56.000,300,EXEC dbo.usp_LoadDailyExtract @RunDate = @p1,svc_etl,THREADPOOL waittime=116000 lastwaittype=THREADPOOL,0,0,0,,0,0,0,89,suspended,,0,0.0,ETL-WRK-03,StagingDB,SSIS-Package-NightlyLoad,2026-04-11 03:15:00.000,2026-04-11 03:14:00.000,0,2026-04-11 03:16:55.000,0,0
00 00:01:55.000,301,EXEC dbo.usp_LoadDailyExtract @RunDate = @p1,svc_etl,THREADPOOL waittime=115100 lastwaittype=THREADPOOL,0,0,0,,0,0,0,177,suspended,,0,0.0,ETL-WRK-03,StagingDB,SSIS-Package-NightlyLoad,2026-04-11 03:15:01.000,2026-04-11 03:14:00.000,0,2026-04-11 03:16:55.000,0,0
00 00:01:54.000,302,EXEC dbo.usp_LoadDailyExtract @RunDate = @p1,svc_etl,THREADPOOL waittime=114200 lastwaittype=THREADPOOL,0,0,0,,0,0,0,89,suspended,,0,0.0,ETL-WRK-03,StagingDB,SSIS-Package-NightlyLoad,2026-04-11 03:15:02.000,2026-04-11 03:14:00.000,0,2026-04-11 03:16:55.000,0,0
00 00:01:53.000,303,EXEC dbo.usp_LoadDailyExtract @RunDate = @p1,svc_etl,THREADPOOL waittime=113300 lastwaittype=THREADPOOL,0,0,0,,0,0,0,143,suspended,,0,0.0,ETL-WRK-03,StagingDB,SSIS-Package-NightlyLoad,2026-04-11 03:15:03.000,2026-04-11 03:14:00.000,0,2026-04-11 03:16:55.000,0,0
00 00:01:52.000,304,EXEC dbo.usp_LoadDailyExtract @RunDate = @p1,svc_etl,THREADPOOL waittime=112400 lastwaittype=THREADPOOL,0,0,0,,0,0,0,100,suspended,,0,0.0,ETL-WRK-03,StagingDB,SSIS-Package-NightlyLoad,2026-04-11 03:15:04.000,2026-04-11 03:14:00.000,0,2026-04-11 03:16:55.000,0,0
00 00:01:51.000,305,EXEC dbo.usp_LoadDailyExtract @RunDate = @p1,svc_etl,THREADPOOL waittime=111500 lastwaittype=THREADPOOL,0,0,0,,0,0,0,149,suspended,,0,0.0,ETL-WRK-03,StagingDB,SSIS-Package-NightlyLoad,2026-04-11 03:15:05.000,2026-04-11 03:14:00.000,0,2026-04-11 03:16:55.000,0,0
00 00:01:50.000,306,EXEC dbo.usp_LoadDailyExtract @RunDate = @p1,svc_etl,THREADPOOL waittime=110600 lastwaittype=THREADPOOL,0,0,0,,0,0,0,143,suspended,,0,0.0,ETL-WRK-03,StagingDB,SSIS-Package-NightlyLoad,2026-04-11 03:15:06.000,2026-04-11 03:14:00.000,0,2026-04-11 03:16:55.000,0,0
00 00:01:49.000,307,EXEC dbo.usp_LoadDailyExtract @RunDate = @p1,svc_etl,THREADPOOL waittime=109700 lastwaittype=THREADPOOL,0,0,0,,0,0,0,178,suspended,,0,0.0,ETL-WRK-03,StagingDB,SSIS-Package-NightlyLoad,2026-04-11 03:15:07.000,2026-04-11 03:14:00.000,0,2026-04-11 03:16:55.000,0,0
00 00:01:48.000,308,EXEC dbo.usp_LoadDailyExtract @RunDate = @p1,svc_etl,THREADPOOL waittime=108800 lastwaittype=THREADPOOL,0,0,0,,0,0,0,78,suspended,,0,0.0,ETL-WRK-03,StagingDB,SSIS-Package-NightlyLoad,2026-04-11 03:15:08.000,2026-04-11 03:14:00.000,0,2026-04-11 03:16:55.000,0,0
00 00:01:47.000,309,EXEC dbo.usp_LoadDailyExtract @RunDate = @p1,svc_etl,THREADPOOL waittime=107900 lastwaittype=THREADPOOL,0,0,0,,0,0,0,193,suspended,,0,0.0,ETL-WRK-03,StagingDB,SSIS-Package-NightlyLoad,2026-04-11 03:15:09.000,2026-04-11 03:14:00.000,0,2026-04-11 03:16:55.000,0,0
00 00:01:47.000,310,EXEC dbo.usp_LoadDailyExtract @RunDate = @p1,svc_etl,THREADPOOL waittime=107000 lastwaittype=THREADPOOL,0,0,0,,0,0,0,113,suspended,,0,0.0,ETL-WRK-03,StagingDB,SSIS-Package-NightlyLoad,2026-04-11 03:15:10.000,2026-04-11 03:14:00.000,0,2026-04-11 03:16:55.000,0,0
00 00:01:46.000,311,EXEC dbo.usp_LoadDailyExtract @RunDate = @p1,svc_etl,THREADPOOL waittime=106100 lastwaittype=THREADPOOL,0,0,0,,0,0,0,182,suspended,,0,0.0,ETL-WRK-03,StagingDB,SSIS-Package-NightlyLoad,2026-04-11 03:15:11.000,2026-04-11 03:14:00.000,0,2026-04-11 03:16:55.000,0,0
00 00:01:45.000,312,EXEC dbo.usp_LoadDailyExtract @RunDate = @p1,svc_etl,THREADPOOL waittime=105200 lastwaittype=THREADPOOL,0,0,0,,0,0,0,74,suspended,,0,0.0,ETL-WRK-03,StagingDB,SSIS-Package-NightlyLoad,2026-04-11 03:15:12.000,2026-04-11 03:14:00.000,0,2026-04-11 03:16:55.000,0,0
00 00:01:44.000,313,EXEC dbo.usp_LoadDailyExtract @RunDate = @p1,svc_etl,THREADPOOL waittime=104300 lastwaittype=THREADPOOL,0,0,0,,0,0,0,172,suspended,,0,0.0,ETL-WRK-03,StagingDB,SSIS-Package-NightlyLoad,2026-04-11 03:15:13.000,2026-04-11 03:14:00.000,0,2026-04-11 03:16:55.000,0,0
00 00:01:43.000,314,EXEC dbo.usp_LoadDailyExtract @RunDate = @p1,svc_etl,THREADPOOL waittime=103400 lastwaittype=THREADPOOL,0,0,0,,0,0,0,156,suspended,,0,0.0,ETL-WRK-03,StagingDB,SSIS-Package-NightlyLoad,2026-04-11 03:15:14.000,2026-04-11 03:14:00.000,0,2026-04-11 03:16:55.000,0,0
00 00:02:01.000,300,EXEC dbo.usp_LoadDailyExtract @RunDate = @p1,svc_etl,THREADPOOL waittime=121000 lastwaittype=THREADPOOL,0,0,0,,0,0,0,119,suspended,,0,0.0,ETL-WRK-03,StagingDB,SSIS-Package-NightlyLoad,2026-04-11 03:15:00.000,2026-04-11 03:14:00.000,0,2026-04-11 03:17:00.000,0,0
00 00:02:00.000,301,EXEC dbo.usp_LoadDailyExtract @RunDate = @p1,svc_etl,THREADPOOL waittime=120100 lastwaittype=THREADPOOL,0,0,0,,0,0,0,68,suspended,,0,0.0,ETL-WRK-03,StagingDB,SSIS-Package-NightlyLoad,2026-04-11 03:15:01.000,2026-04-11 03:14:00.000,0,2026-04-11 03:17:00.000,0,0
00 00:01:59.000,302,EXEC dbo.usp_LoadDailyExtract @RunDate = @p1,svc_etl,THREADPOOL waittime=119200 lastwaittype=THREADPOOL,0,0,0,,0,0,0,152,suspended,,0,0.0,ETL-WRK-03,StagingDB,SSIS-Package-NightlyLoad,2026-04-11 03:15:02.000,2026-04-11 03:14:00.000,0,2026-04-11 03:17:00.000,0,0
00 00:01:58.000,303,EXEC dbo.usp_LoadDailyExtract @RunDate = @p1,svc_etl,THREADPOOL waittime=118300 lastwaittype=THREADPOOL,0,0,0,,0,0,0,170,suspended,,0,0.0,ETL-WRK-03,StagingDB,SSIS-Package-NightlyLoad,2026-04-11 03:15:03.000,2026-04-11 03:14:00.000,0,2026-04-11 03:17:00.000,0,0
00 00:01:57.000,304,EXEC dbo.usp_LoadDailyExtract @RunDate = @p1,svc_etl,THREADPOOL waittime=117400 lastwaittype=THREADPOOL,0,0,0,,0,0,0,87,suspended,,0,0.0,ETL-WRK-03,StagingDB,SSIS-Package-NightlyLoad,2026-04-11 03:15:04.000,2026-04-11 03:14:00.000,0,2026-04-11 03:17:00.000,0,0
00 00:01:56.000,305,EXEC dbo.usp_LoadDailyExtract @RunDate = @p1,svc_etl,THREADPOOL waittime=116500 lastwaittype=THREADPOOL,0,0,0,,0,0,0,84,suspended,,0,0.0,ETL-WRK-03,StagingDB,SSIS-Package-NightlyLoad,2026-04-11 03:15:05.000,2026-04-11 03:14:00.000,0,2026-04-11 03:17:00.000,0,0
00 00:01:55.000,306,EXEC dbo.usp_LoadDailyExtract @RunDate = @p1,svc_etl,THREADPOOL waittime=115600 lastwaittype=THREADPOOL,0,0,0,,0,0,0,146,suspended,,0,0.0,ETL-WRK-03,StagingDB,SSIS-Package-NightlyLoad,2026-04-11 03:15:06.000,2026-04-11 03:14:00.000,0,2026-04-11 03:17:00.000,0,0
00 00:01:54.000,307,EXEC dbo.usp_LoadDailyExtract @RunDate = @p1,svc_etl,THREADPOOL waittime=114700 lastwaittype=THREADPOOL,0,0,0,,0,0,0,196,suspended,,0,0.0,ETL-WRK-03,StagingDB,SSIS-Package-NightlyLoad,2026-04-11 03:15:07.000,2026-04-11 03:14:00.000,0,2026-04-11 03:17:00.000,0,0
00 00:01:53.000,308,EXEC dbo.usp_LoadDailyExtract @RunDate = @p1,svc_etl,THREADPOOL waittime=113800 lastwaittype=THREADPOOL,0,0,0,,0,0,0,155,suspended,,0,0.0,ETL-WRK-03,StagingDB,SSIS-Package-NightlyLoad,2026-04-11 03:15:08.000,2026-04-11 03:14:00.000,0,2026-04-11 03:17:00.000,0,0
00 00:01:52.000,309,EXEC dbo.usp_LoadDailyExtract @RunDate = @p1,svc_etl,THREADPOOL waittime=112900 lastwaittype=THREADPOOL,0,0,0,,0,0,0,152,suspended,,0,0.0,ETL-WRK-03,StagingDB,SSIS-Package-NightlyLoad,2026-04-11 03:15:09.000,2026-04-11 03:14:00.000,0,2026-04-11 03:17:00.000,0,0
00 00:01:52.000,310,EXEC dbo.usp_LoadDailyExtract @RunDate = @p1,svc_etl,THREADPOOL waittime=112000 lastwaittype=THREADPOOL,0,0,0,,0,0,0,167,suspended,,0,0.0,ETL-WRK-03,StagingDB,SSIS-Package-NightlyLoad,2026-04-11 03:15:10.000,2026-04-11 03:14:00.000,0,2026-04-11 03:17:00.000,0,0
00 00:01:51.000,311,EXEC dbo.usp_LoadDailyExtract @RunDate = @p1,svc_etl,THREADPOOL waittime=111100 lastwaittype=THREADPOOL,0,0,0,,0,0,0,66,suspended,,0,0.0,ETL-WRK-03,StagingDB,SSIS-Package-NightlyLoad,2026-04-11 03:15:11.000,2026-04-11 03:14:00.000,0,2026-04-11 03:17:00.000,0,0
00 00:01:50.000,312,EXEC dbo.usp_LoadDailyExtract @RunDate = @p1,svc_etl,THREADPOOL waittime=110200 lastwaittype=THREADPOOL,0,0,0,,0,0,0,83,suspended,,0,0.0,ETL-WRK-03,StagingDB,SSIS-Package-NightlyLoad,2026-04-11 03:15:12.000,2026-04-11 03:14:00.000,0,2026-04-11 03:17:00.000,0,0
00 00:01:49.000,313,EXEC dbo.usp_LoadDailyExtract @RunDate = @p1,svc_etl,THREADPOOL waittime=109300 lastwaittype=THREADPOOL,0,0,0,,0,0,0,66,suspended,,0,0.0,ETL-WRK-03,StagingDB,SSIS-Package-NightlyLoad,2026-04-11 03:15:13.000,2026-04-11 03:14:00.000,0,2026-04-11 03:17:00.000,0,0
00 00:01:48.000,314,EXEC dbo.usp_LoadDailyExtract @RunDate = @p1,svc_etl,THREADPOOL waittime=108400 lastwaittype=THREADPOOL,0,0,0,,0,0,0,188,suspended,,0,0.0,ETL-WRK-03,StagingDB,SSIS-Package-NightlyLoad,2026-04-11 03:15:14.000,2026-04-11 03:14:00.000,0,2026-04-11 03:17:00.000,0,0
00 00:01:47.000,315,EXEC dbo.usp_LoadDailyExtract @RunDate = @p1,svc_etl,THREADPOOL waittime=107500 lastwaittype=THREADPOOL,0,0,0,,0,0,0,182,suspended,,0,0.0,ETL-WRK-03,StagingDB,SSIS-Package-NightlyLoad,2026-04-11 03:15:15.000,2026-04-11 03:14:00.000,0,2026-04-11 03:17:00.000,0,0
00 00:02:06.000,300,EXEC dbo.usp_LoadDailyExtract @RunDate = @p1,svc_etl,THREADPOOL waittime=126000 lastwaittype=THREADPOOL,0,0,0,,0,0,0,170,suspended,,0,0.0,ETL-WRK-03,StagingDB,SSIS-Package-NightlyLoad,2026-04-11 03:15:00.000,2026-04-11 03:14:00.000,0,2026-04-11 03:17:05.000,0,0
00 00:02:05.000,301,EXEC dbo.usp_LoadDailyExtract @RunDate = @p1,svc_etl,THREADPOOL waittime=125100 lastwaittype=THREADPOOL,0,0,0,,0,0,0,88,suspended,,0,0.0,ETL-WRK-03,StagingDB,SSIS-Package-NightlyLoad,2026-04-11 03:15:01.000,2026-04-11 03:14:00.000,0,2026-04-11 03:17:05.000,0,0
00 00:02:04.000,302,EXEC dbo.usp_LoadDailyExtract @RunDate = @p1,svc_etl,THREADPOOL waittime=124200 lastwaittype=THREADPOOL,0,0,0,,0,0,0,113,suspended,,0,0.0,ETL-WRK-03,StagingDB,SSIS-Package-NightlyLoad,2026-04-11 03:15:02.000,2026-04-11 03:14:00.000,0,2026-04-11 03:17:05.000,0,0
00 00:02:03.000,303,EXEC dbo.usp_LoadDailyExtract @RunDate = @p1,svc_etl,THREADPOOL waittime=123300 lastwaittype=THREADPOOL,0,0,0,,0,0,0,112,suspended,,0,0.0,ETL-WRK-03,StagingDB,SSIS-Package-NightlyLoad,2026-04-11 03:15:03.000,2026-04-11 03:14:00.000,0,2026-04-11 03:17:05.000,0,0
00 00:02:02.000,304,EXEC dbo.usp_LoadDailyExtract @RunDate = @p1,svc_etl,THREADPOOL waittime=122400 lastwaittype=THREADPOOL,0,0,0,,0,0,0,112,suspended,,0,0.0,ETL-WRK-03,StagingDB,SSIS-Package-NightlyLoad,2026-04-11 03:15:04.000,2026-04-11 03:14:00.000,0,2026-04-11 03:17:05.000,0,0
00 00:02:01.000,305,EXEC dbo.usp_LoadDailyExtract @RunDate = @p1,svc_etl,THREADPOOL waittime=121500 lastwaittype=THREADPOOL,0,0,0,,0,0,0,151,suspended,,0,0.0,ETL-WRK-03,StagingDB,SSIS-Package-NightlyLoad,2026-04-11 03:15:05.000,2026-04-11 03:14:00.000,0,2026-04-11 03:17:05.000,0,0
00 00:02:00.000,306,EXEC dbo.usp_LoadDailyExtract @RunDate = @p1,svc_etl,THREADPOOL waittime=120600 lastwaittype=THREADPOOL,0,0,0,,0,0,0,65,suspended,,0,0.0,ETL-WRK-03,StagingDB,SSIS-Package-NightlyLoad,2026-04-11 03:15:06.000,2026-04-11 03:14:00.000,0,2026-04-11 03:17:05.000,0,0
00 00:01:59.000,307,EXEC dbo.usp_LoadDailyExtract @RunDate = @p1,svc_etl,THREADPOOL waittime=119700 lastwaittype=THREADPOOL,0,0,0,,0,0,0,125,suspended,,0,0.0,ETL-WRK-03,StagingDB,SSIS-Package-NightlyLoad,2026-04-11 03:15:07.000,2026-04-11 03:14:00.000,0,2026-04-11 03:17:05.000,0,0
00 00:01:58.000,308,EXEC dbo.usp_LoadDailyExtract @RunDate = @p1,svc_etl,THREADPOOL waittime=118800 lastwaittype=THREADPOOL,0,0,0,,0,0,0,189,suspended,,0,0.0,ETL-WRK-03,StagingDB,SSIS-Package-NightlyLoad,2026-04-11 03:15:08.000,2026-04-11 03:14:00.000,0,2026-04-11 03:17:05.000,0,0
00 00:01:57.000,309,EXEC dbo.usp_LoadDailyExtract @RunDate = @p1,svc_etl,THREADPOOL waittime=117900 lastwaittype=THREADPOOL,0,0,0,,0,0,0,88,suspended,,0,0.0,ETL-WRK-03,StagingDB,SSIS-Package-NightlyLoad,2026-04-11 03:15:09.000,2026-04-11 03:14:00.000,0,2026-04-11 03:17:05.000,0,0
00 00:01:57.000,310,EXEC dbo.usp_LoadDailyExtract @RunDate = @p1,svc_etl,THREADPOOL waittime=117000 lastwaittype=THREADPOOL,0,0,0,,0,0,0,196,suspended,,0,0.0,ETL-WRK-03,StagingDB,SSIS-Package-NightlyLoad,2026-04-11 03:15:10.000,2026-04-11 03:14:00.000,0,2026-04-11 03:17:05.000,0,0
00 00:01:56.000,311,EXEC dbo.usp_LoadDailyExtract @RunDate = @p1,svc_etl,THREADPOOL waittime=116100 lastwaittype=THREADPOOL,0,0,0,,0,0,0,72,suspended,,0,0.0,ETL-WRK-03,StagingDB,SSIS-Package-NightlyLoad,2026-04-11 03:15:11.000,2026-04-11 03:14:00.000,0,2026-04-11 03:17:05.000,0,0
00 00:01:55.000,312,EXEC dbo.usp_LoadDailyExtract @RunDate = @p1,svc_etl,THREADPOOL waittime=115200 lastwaittype=THREADPOOL,0,0,0,,0,0,0,72,suspended,,0,0.0,ETL-WRK-03,StagingDB,SSIS-Package-NightlyLoad,2026-04-11 03:15:12.000,2026-04-11 03:14:00.000,0,2026-04-11 03:17:05.000,0,0
00 00:01:54.000,313,EXEC dbo.usp_LoadDailyExtract @RunDate = @p1,svc_etl,THREADPOOL waittime=114300 lastwaittype=THREADPOOL,0,0,0,,0,0,0,139,suspended,,0,0.0,ETL-WRK-03,StagingDB,SSIS-Package-NightlyLoad,2026-04-11 03:15:13.000,2026-04-11 03:14:00.000,0,2026-04-11 03:17:05.000,0,0
00 00:01:53.000,314,EXEC dbo.usp_LoadDailyExtract @RunDate = @p1,svc_etl,THREADPOOL waittime=113400 lastwaittype=THREADPOOL,0,0,0,,0,0,0,171,suspended,,0,0.0,ETL-WRK-03,StagingDB,SSIS-Package-NightlyLoad,2026-04-11 03:15:14.000,2026-04-11 03:14:00.000,0,2026-04-11 03:17:05.000,0,0
00 00:01:52.000,315,EXEC dbo.usp_LoadDailyExtract @RunDate = @p1,svc_etl,THREADPOOL waittime=112500 lastwaittype=THREADPOOL,0,0,0,,0,0,0,65,suspended,,0,0.0,ETL-WRK-03,StagingDB,SSIS-Package-NightlyLoad,2026-04-11 03:15:15.000,2026-04-11 03:14:00.000,0,2026-04-11 03:17:05.000,0,0
00 00:02:11.000,300,EXEC dbo.usp_LoadDailyExtract @RunDate = @p1,svc_etl,THREADPOOL waittime=131000 lastwaittype=THREADPOOL,0,0,0,,0,0,0,66,suspended,,0,0.0,ETL-WRK-03,StagingDB,SSIS-Package-NightlyLoad,2026-04-11 03:15:00.000,2026-04-11 03:14:00.000,0,2026-04-11 03:17:10.000,0,0
00 00:02:10.000,301,EXEC dbo.usp_LoadDailyExtract @RunDate = @p1,svc_etl,THREADPOOL waittime=130100 lastwaittype=THREADPOOL,0,0,0,,0,0,0,173,suspended,,0,0.0,ETL-WRK-03,StagingDB,SSIS-Package-NightlyLoad,2026-04-11 03:15:01.000,2026-04-11 03:14:00.000,0,2026-04-11 03:17:10.000,0,0
00 00:02:09.000,302,EXEC dbo.usp_LoadDailyExtract @RunDate = @p1,svc_etl,THREADPOOL waittime=129200 lastwaittype=THREADPOOL,0,0,0,,0,0,0,192,suspended,,0,0.0,ETL-WRK-03,StagingDB,SSIS-Package-NightlyLoad,2026-04-11 03:15:02.000,2026-04-11 03:14:00.000,0,2026-04-11 03:17:10.000,0,0
00 00:02:08.000,303,EXEC dbo.usp_LoadDailyExtract @RunDate = @p1,svc_etl,THREADPOOL waittime=128300 lastwaittype=THREADPOOL,0,0,0,,0,0,0,121,suspended,,0,0.0,ETL-WRK-03,StagingDB,SSIS-Package-NightlyLoad,2026-04-11 03:15:03.000,2026-04-11 03:14:00.000,0,2026-04-11 03:17:10.000,0,0
00 00:02:07.000,304,EXEC dbo.usp_LoadDailyExtract @RunDate = @p1,svc_etl,THREADPOOL waittime=127400 lastwaittype=THREADPOOL,0,0,0,,0,0,0,168,suspended,,0,0.0,ETL-WRK-03,StagingDB,SSIS-Package-NightlyLoad,2026-04-11 03:15:04.000,2026-04-11 03:14:00.000,0,2026-04-11 03:17:10.000,0,0
00 00:02:06.000,305,EXEC dbo.usp_LoadDailyExtract @RunDate = @p1,svc_etl,THREADPOOL waittime=126500 lastwaittype=THREADPOOL,0,0,0,,0,0,0,179,suspended,,0,0.0,ETL-WRK-03,StagingDB,SSIS-Package-NightlyLoad,2026-04-11 03:15:05.000,2026-04-11 03:14:00.000,0,2026-04-11 03:17:10.000,0,0
00 00:02:05.000,306,EXEC dbo.usp_LoadDailyExtract @RunDate = @p1,svc_etl,THREADPOOL waittime=125600 lastwaittype=THREADPOOL,0,0,0,,0,0,0,138,suspended,,0,0.0,ETL-WRK-03,StagingDB,SSIS-Package-NightlyLoad,2026-04-11 03:15:06.000,2026-04-11 03:14:00.000,0,2026-04-11 03:17:10.000,0,0
00 00:02:04.000,307,EXEC dbo.usp_LoadDailyExtract @RunDate = @p1,svc_etl,THREADPOOL waittime=124700 lastwaittype=THREADPOOL,0,0,0,,0,0,0,187,suspended,,0,0.0,ETL-WRK-03,StagingDB,SSIS-Package-NightlyLoad,2026-04-11 03:15:07.000,2026-04-11 03:14:00.000,0,2026-04-11 03:17:10.000,0,0
00 00:02:03.000,308,EXEC dbo.usp_LoadDailyExtract @RunDate = @p1,svc_etl,THREADPOOL waittime=123800 lastwaittype=THREADPOOL,0,0,0,,0,0,0,133,suspended,,0,0.0,ETL-WRK-03,StagingDB,SSIS-Package-NightlyLoad,2026-04-11 03:15:08.000,2026-04-11 03:14:00.000,0,2026-04-11 03:17:10.000,0,0
00 00:02:02.000,309,EXEC dbo.usp_LoadDailyExtract @RunDate = @p1,svc_etl,THREADPOOL waittime=122900 lastwaittype=THREADPOOL,0,0,0,,0,0,0,178,suspended,,0,0.0,ETL-WRK-03,StagingDB,SSIS-Package-NightlyLoad,2026-04-11 03:15:09.000,2026-04-11 03:14:00.000,0,2026-04-11 03:17:10.000,0,0
00 00:02:02.000,310,EXEC dbo.usp_LoadDailyExtract @RunDate = @p1,svc_etl,THREADPOOL waittime=122000 lastwaittype=THREADPOOL,0,0,0,,0,0,0,84,suspended,,0,0.0,ETL-WRK-03,StagingDB,SSIS-Package-NightlyLoad,2026-04-11 03:15:10.000,2026-04-11 03:14:00.000,0,2026-04-11 03:17:10.000,0,0
00 00:02:01.000,311,EXEC dbo.usp_LoadDailyExtract @RunDate = @p1,svc_etl,THREADPOOL waittime=121100 lastwaittype=THREADPOOL,0,0,0,,0,0,0,158,suspended,,0,0.0,ETL-WRK-03,StagingDB,SSIS-Package-NightlyLoad,2026-04-11 03:15:11.000,2026-04-11 03:14:00.000,0,2026-04-11 03:17:10.000,0,0
00 00:02:00.000,312,EXEC dbo.usp_LoadDailyExtract @RunDate = @p1,svc_etl,THREADPOOL waittime=120200 lastwaittype=THREADPOOL,0,0,0,,0,0,0,176,suspended,,0,0.0,ETL-WRK-03,StagingDB,SSIS-Package-NightlyLoad,2026-04-11 03:15:12.000,2026-04-11 03:14:00.000,0,2026-04-11 03:17:10.000,0,0
00 00:01:59.000,313,EXEC dbo.usp_LoadDailyExtract @RunDate = @p1,svc_etl,THREADPOOL waittime=119300 lastwaittype=THREADPOOL,0,0,0,,0,0,0,166,suspended,,0,0.0,ETL-WRK-03,StagingDB,SSIS-Package-NightlyLoad,2026-04-11 03:15:13.000,2026-04-11 03:14:00.000,0,2026-04-11 03:17:10.000,0,0
00 00:01:58.000,314,EXEC dbo.usp_LoadDailyExtract @RunDate = @p1,svc_etl,THREADPOOL waittime=118400 lastwaittype=THREADPOOL,0,0,0,,0,0,0,199,suspended,,0,0.0,ETL-WRK-03,StagingDB,SSIS-Package-NightlyLoad,2026-04-11 03:15:14.000,2026-04-11 03:14:00.000,0,2026-04-11 03:17:10.000,0,0
00 00:01:57.000,315,EXEC dbo.usp_LoadDailyExtract @RunDate = @p1,svc_etl,THREADPOOL waittime=117500 lastwaittype=THREADPOOL,0,0,0,,0,0,0,170,suspended,,0,0.0,ETL-WRK-03,StagingDB,SSIS-Package-NightlyLoad,2026-04-11 03:15:15.000,2026-04-11 03:14:00.000,0,2026-04-11 03:17:10.000,0,0
00 00:01:56.000,316,EXEC dbo.usp_LoadDailyExtract @RunDate = @p1,svc_etl,THREADPOOL waittime=116600 lastwaittype=THREADPOOL,0,0,0,,0,0,0,176,suspended,,0,0.0,ETL-WRK-03,StagingDB,SSIS-Package-NightlyLoad,2026-04-11 03:15:16.000,2026-04-11 03:14:00.000,0,2026-04-11 03:17:10.000,0,0
00 00:02:16.000,300,EXEC dbo.usp_LoadDailyExtract @RunDate = @p1,svc_etl,THREADPOOL waittime=136000 lastwaittype=THREADPOOL,0,0,0,,0,0,0,75,suspended,,0,0.0,ETL-WRK-03,StagingDB,SSIS-Package-NightlyLoad,2026-04-11 03:15:00.000,2026-04-11 03:14:00.000,0,2026-04-11 03:17:15.000,0,0
00 00:02:15.000,301,EXEC dbo.usp_LoadDailyExtract @RunDate = @p1,svc_etl,THREADPOOL waittime=135100 lastwaittype=THREADPOOL,0,0,0,,0,0,0,111,suspended,,0,0.0,ETL-WRK-03,StagingDB,SSIS-Package-NightlyLoad,2026-04-11 03:15:01.000,2026-04-11 03:14:00.000,0,2026-04-11 03:17:15.000,0,0
00 00:02:14.000,302,EXEC dbo.usp_LoadDailyExtract @RunDate = @p1,svc_etl,THREADPOOL waittime=134200 lastwaittype=THREADPOOL,0,0,0,,0,0,0,162,suspended,,0,0.0,ETL-WRK-03,StagingDB,SSIS-Package-NightlyLoad,2026-04-11 03:15:02.000,2026-04-11 03:14:00.000,0,2026-04-11 03:17:15.000,0,0
00 00:02:13.000,303,EXEC dbo.usp_LoadDailyExtract @RunDate = @p1,svc_etl,THREADPOOL waittime=133300 lastwaittype=THREADPOOL,0,0,0,,0,0,0,101,suspended,,0,0.0,ETL-WRK-03,StagingDB,SSIS-Package-NightlyLoad,2026-04-11 03:15:03.000,2026-04-11 03:14:00.000,0,2026-04-11 03:17:15.000,0,0
00 00:02:12.000,304,EXEC dbo.usp_LoadDailyExtract @RunDate = @p1,svc_etl,THREADPOOL waittime=132400 lastwaittype=THREADPOOL,0,0,0,,0,0,0,154,suspended,,0,0.0,ETL-WRK-03,StagingDB,SSIS-Package-NightlyLoad,2026-04-11 03:15:04.000,2026-04-11 03:14:00.000,0,2026-04-11 03:17:15.000,0,0
00 00:02:11.000,305,EXEC dbo.usp_LoadDailyExtract @RunDate = @p1,svc_etl,THREADPOOL waittime=131500 lastwaittype=THREADPOOL,0,0,0,,0,0,0,91,suspended,,0,0.0,ETL-WRK-03,StagingDB,SSIS-Package-NightlyLoad,2026-04-11 03:15:05.000,2026-04-11 03:14:00.000,0,2026-04-11 03:17:15.000,0,0
00 00:02:10.000,306,EXEC dbo.usp_LoadDailyExtract @RunDate = @p1,svc_etl,THREADPOOL waittime=130600 lastwaittype=THREADPOOL,0,0,0,,0,0,0,100,suspended,,0,0.0,ETL-WRK-03,StagingDB,SSIS-Package-NightlyLoad,2026-04-11 03:15:06.000,2026-04-11 03:14:00.000,0,2026-04-11 03:17:15.000,0,0
00 00:02:09.000,307,EXEC dbo.usp_LoadDailyExtract @RunDate = @p1,svc_etl,THREADPOOL waittime=129700 lastwaittype=THREADPOOL,0,0,0,,0,0,0,193,suspended,,0,0.0,ETL-WRK-03,StagingDB,SSIS-Package-NightlyLoad,2026-04-11 03:15:07.000,2026-04-11 03:14:00.000,0,2026-04-11 03:17:15.000,0,0
00 00:02:08.000,308,EXEC dbo.usp_LoadDailyExtract @RunDate = @p1,svc_etl,THREADPOOL waittime=128800 lastwaittype=THREADPOOL,0,0,0,,0,0,0,118,suspended,,0,0.0,ETL-WRK-03,StagingDB,SSIS-Package-NightlyLoad,2026-04-11 03:15:08.000,2026-04-11 03:14:00.000,0,2026-04-11 03:17:15.000,0,0
00 00:02:07.000,309,EXEC dbo.usp_LoadDailyExtract @RunDate = @p1,svc_etl,THREADPOOL waittime=127900 lastwaittype=THREADPOOL,0,0,0,,0,0,0,108,suspended,,0,0.0,ETL-WRK-03,StagingDB,SSIS-Package-NightlyLoad,2026-04-11 03:15:09.000,2026-04-11 03:14:00.000,0,2026-04-11 03:17:15.000,0,0
00 00:02:07.000,310,EXEC dbo.usp_LoadDailyExtract @RunDate = @p1,svc_etl,THREADPOOL waittime=127000 lastwaittype=THREADPOOL,0,0,0,,0,0,0,103,suspended,,0,0.0,ETL-WRK-03,StagingDB,SSIS-Package-NightlyLoad,2026-04-11 03:15:10.000,2026-04-11 03:14:00.000,0,2026-04-11 03:17:15.000,0,0
00 00:02:06.000,311,EXEC dbo.usp_LoadDailyExtract @RunDate = @p1,svc_etl,THREADPOOL waittime=126100 lastwaittype=THREADPOOL,0,0,0,,0,0,0,153,suspended,,0,0.0,ETL-WRK-03,StagingDB,SSIS-Package-NightlyLoad,2026-04-11 03:15:11.000,2026-04-11 03:14:00.000,0,2026-04-11 03:17:15.000,0,0
00 00:02:05.000,312,EXEC dbo.usp_LoadDailyExtract @RunDate = @p1,svc_etl,THREADPOOL waittime=125200 lastwaittype=THREADPOOL,0,0,0,,0,0,0,111,suspended,,0,0.0,ETL-WRK-03,StagingDB,SSIS-Package-NightlyLoad,2026-04-11 03:15:12.000,2026-04-11 03:14:00.000,0,2026-04-11 03:17:15.000,0,0
00 00:02:04.000,313,EXEC dbo.usp_LoadDailyExtract @RunDate = @p1,svc_etl,THREADPOOL waittime=124300 lastwaittype=THREADPOOL,0,0,0,,0,0,0,70,suspended,,0,0.0,ETL-WRK-03,StagingDB,SSIS-Package-NightlyLoad,2026-04-11 03:15:13.000,2026-04-11 03:14:00.000,0,2026-04-11 03:17:15.000,0,0
00 00:02:03.000,314,EXEC dbo.usp_LoadDailyExtract @RunDate = @p1,svc_etl,THREADPOOL waittime=123400 lastwaittype=THREADPOOL,0,0,0,,0,0,0,161,suspended,,0,0.0,ETL-WRK-03,StagingDB,SSIS-Package-NightlyLoad,2026-04-11 03:15:14.000,2026-04-11 03:14:00.000,0,2026-04-11 03:17:15.000,0,0
00 00:02:02.000,315,EXEC dbo.usp_LoadDailyExtract @RunDate = @p1,svc_etl,THREADPOOL waittime=122500 lastwaittype=THREADPOOL,0,0,0,,0,0,0,105,suspended,,0,0.0,ETL-WRK-03,StagingDB,SSIS-Package-NightlyLoad,2026-04-11 03:15:15.000,2026-04-11 03:14:00.000,0,2026-04-11 03:17:15.000,0,0
00 00:02:01.000,316,EXEC dbo.usp_LoadDailyExtract @RunDate = @p1,svc_etl,THREADPOOL waittime=121600 lastwaittype=THREADPOOL,0,0,0,,0,0,0,161,suspended,,0,0.0,ETL-WRK-03,StagingDB,SSIS-Package-NightlyLoad,2026-04-11 03:15:16.000,2026-04-11 03:14:00.000,0,2026-04-11 03:17:15.000,0,0
00 00:02:21.000,300,EXEC dbo.usp_LoadDailyExtract @RunDate = @p1,svc_etl,THREADPOOL waittime=141000 lastwaittype=THREADPOOL,0,0,0,,0,0,0,107,suspended,,0,0.0,ETL-WRK-03,StagingDB,SSIS-Package-NightlyLoad,2026-04-11 03:15:00.000,2026-04-11 03:14:00.000,0,2026-04-11 03:17:20.000,0,0
00 00:02:20.000,301,EXEC dbo.usp_LoadDailyExtract @RunDate = @p1,svc_etl,THREADPOOL waittime=140100 lastwaittype=THREADPOOL,0,0,0,,0,0,0,171,suspended,,0,0.0,ETL-WRK-03,StagingDB,SSIS-Package-NightlyLoad,2026-04-11 03:15:01.000,2026-04-11 03:14:00.000,0,2026-04-11 03:17:20.000,0,0
00 00:02:19.000,302,EXEC dbo.usp_LoadDailyExtract @RunDate = @p1,svc_etl,THREADPOOL waittime=139200 lastwaittype=THREADPOOL,0,0,0,,0,0,0,78,suspended,,0,0.0,ETL-WRK-03,StagingDB,SSIS-Package-NightlyLoad,2026-04-11 03:15:02.000,2026-04-11 03:14:00.000,0,2026-04-11 03:17:20.000,0,0
00 00:02:18.000,303,EXEC dbo.usp_LoadDailyExtract @RunDate = @p1,svc_etl,THREADPOOL waittime=138300 lastwaittype=THREADPOOL,0,0,0,,0,0,0,161,suspended,,0,0.0,ETL-WRK-03,StagingDB,SSIS-Package-NightlyLoad,2026-04-11 03:15:03.000,2026-04-11 03:14:00.000,0,2026-04-11 03:17:20.000,0,0
00 00:02:17.000,304,EXEC dbo.usp_LoadDailyExtract @RunDate = @p1,svc_etl,THREADPOOL waittime=137400 lastwaittype=THREADPOOL,0,0,0,,0,0,0,159,suspended,,0,0.0,ETL-WRK-03,StagingDB,SSIS-Package-NightlyLoad,2026-04-11 03:15:04.000,2026-04-11 03:14:00.000,0,2026-04-11 03:17:20.000,0,0
00 00:02:16.000,305,EXEC dbo.usp_LoadDailyExtract @RunDate = @p1,svc_etl,THREADPOOL waittime=136500 lastwaittype=THREADPOOL,0,0,0,,0,0,0,111,suspended,,0,0.0,ETL-WRK-03,StagingDB,SSIS-Package-NightlyLoad,2026-04-11 03:15:05.000,2026-04-11 03:14:00.000,0,2026-04-11 03:17:20.000,0,0
00 00:02:15.000,306,EXEC dbo.usp_LoadDailyExtract @RunDate = @p1,svc_etl,THREADPOOL waittime=135600 lastwaittype=THREADPOOL,0,0,0,,0,0,0,125,suspended,,0,0.0,ETL-WRK-03,StagingDB,SSIS-Package-NightlyLoad,2026-04-11 03:15:06.000,2026-04-11 03:14:00.000,0,2026-04-11 03:17:20.000,0,0
00 00:02:14.000,307,EXEC dbo.usp_LoadDailyExtract @RunDate = @p1,svc_etl,THREADPOOL waittime=134700 lastwaittype=THREADPOOL,0,0,0,,0,0,0,146,suspended,,0,0.0,ETL-WRK-03,StagingDB,SSIS-Package-NightlyLoad,2026-04-11 03:15:07.000,2026-04-11 03:14:00.000,0,2026-04-11 03:17:20.000,0,0
00 00:02:13.000,308,EXEC dbo.usp_LoadDailyExtract @RunDate = @p1,svc_etl,THREADPOOL waittime=133800 lastwaittype=THREADPOOL,0,0,0,,0,0,0,137,suspended,,0,0.0,ETL-WRK-03,StagingDB,SSIS-Package-NightlyLoad,2026-04-11 03:15:08.000,2026-04-11 03:14:00.000,0,2026-04-11 03:17:20.000,0,0
00 00:02:12.000,309,EXEC dbo.usp_LoadDailyExtract @RunDate = @p1,svc_etl,THREADPOOL waittime=132900 lastwaittype=THREADPOOL,0,0,0,,0,0,0,154,suspended,,0,0.0,ETL-WRK-03,StagingDB,SSIS-Package-NightlyLoad,2026-04-11 03:15:09.000,2026-04-11 03:14:00.000,0,2026-04-11 03:17:20.000,0,0
00 00:02:12.000,310,EXEC dbo.usp_LoadDailyExtract @RunDate = @p1,svc_etl,THREADPOOL waittime=132000 lastwaittype=THREADPOOL,0,0,0,,0,0,0,135,suspended,,0,0.0,ETL-WRK-03,StagingDB,SSIS-Package-NightlyLoad,2026-04-11 03:15:10.000,2026-04-11 03:14:00.000,0,2026-04-11 03:17:20.000,0,0
00 00:02:11.000,311,EXEC dbo.usp_LoadDailyExtract @RunDate = @p1,svc_etl,THREADPOOL waittime=131100 lastwaittype=THREADPOOL,0,0,0,,0,0,0,147,suspended,,0,0.0,ETL-WRK-03,StagingDB,SSIS-Package-NightlyLoad,2026-04-11 03:15:11.000,2026-04-11 03:14:00.000,0,2026-04-11 03:17:20.000,0,0
00 00:02:10.000,312,EXEC dbo.usp_LoadDailyExtract @RunDate = @p1,svc_etl,THREADPOOL waittime=130200 lastwaittype=THREADPOOL,0,0,0,,0,0,0,196,suspended,,0,0.0,ETL-WRK-03,StagingDB,SSIS-Package-NightlyLoad,2026-04-11 03:15:12.000,2026-04-11 03:14:00.000,0,2026-04-11 03:17:20.000,0,0
00 00:02:09.000,313,EXEC dbo.usp_LoadDailyExtract @RunDate = @p1,svc_etl,THREADPOOL waittime=129300 lastwaittype=THREADPOOL,0,0,0,,0,0,0,102,suspended,,0,0.0,ETL-WRK-03,StagingDB,SSIS-Package-NightlyLoad,2026-04-11 03:15:13.000,2026-04-11 03:14:00.000,0,2026-04-11 03:17:20.000,0,0
00 00:02:08.000,314,EXEC dbo.usp_LoadDailyExtract @RunDate = @p1,svc_etl,THREADPOOL waittime=128400 lastwaittype=THREADPOOL,0,0,0,,0,0,0,126,suspended,,0,0.0,ETL-WRK-03,StagingDB,SSIS-Package-NightlyLoad,2026-04-11 03:15:14.000,2026-04-11 03:14:00.000,0,2026-04-11 03:17:20.000,0,0
00 00:02:07.000,315,EXEC dbo.usp_LoadDailyExtract @RunDate = @p1,svc_etl,THREADPOOL waittime=127500 lastwaittype=THREADPOOL,0,0,0,,0,0,0,115,suspended,,0,0.0,ETL-WRK-03,StagingDB,SSIS-Package-NightlyLoad,2026-04-11 03:15:15.000,2026-04-11 03:14:00.000,0,2026-04-11 03:17:20.000,0,0
00 00:02:06.000,316,EXEC dbo.usp_LoadDailyExtract @RunDate = @p1,svc_etl,THREADPOOL waittime=126600 lastwaittype=THREADPOOL,0,0,0,,0,0,0,161,suspended,,0,0.0,ETL-WRK-03,StagingDB,SSIS-Package-NightlyLoad,2026-04-11 03:15:16.000,2026-04-11 03:14:00.000,0,2026-04-11 03:17:20.000,0,0
00 00:02:05.000,317,EXEC dbo.usp_LoadDailyExtract @RunDate = @p1,svc_etl,THREADPOOL waittime=125700 lastwaittype=THREADPOOL,0,0,0,,0,0,0,165,suspended,,0,0.0,ETL-WRK-03,StagingDB,SSIS-Package-NightlyLoad,2026-04-11 03:15:17.000,2026-04-11 03:14:00.000,0,2026-04-11 03:17:20.000,0,0
00 00:02:26.000,300,EXEC dbo.usp_LoadDailyExtract @RunDate = @p1,svc_etl,THREADPOOL waittime=146000 lastwaittype=THREADPOOL,0,0,0,,0,0,0,199,suspended,,0,0.0,ETL-WRK-03,StagingDB,SSIS-Package-NightlyLoad,2026-04-11 03:15:00.000,2026-04-11 03:14:00.000,0,2026-04-11 03:17:25.000,0,0
00 00:02:25.000,301,EXEC dbo.usp_LoadDailyExtract @RunDate = @p1,svc_etl,THREADPOOL waittime=145100 lastwaittype=THREADPOOL,0,0,0,,0,0,0,136,suspended,,0,0.0,ETL-WRK-03,StagingDB,SSIS-Package-NightlyLoad,2026-04-11 03:15:01.000,2026-04-11 03:14:00.000,0,2026-04-11 03:17:25.000,0,0
00 00:02:24.000,302,EXEC dbo.usp_LoadDailyExtract @RunDate = @p1,svc_etl,THREADPOOL waittime=144200 lastwaittype=THREADPOOL,0,0,0,,0,0,0,174,suspended,,0,0.0,ETL-WRK-03,StagingDB,SSIS-Package-NightlyLoad,2026-04-11 03:15:02.000,2026-04-11 03:14:00.000,0,2026-04-11 03:17:25.000,0,0
00 00:02:23.000,303,EXEC dbo.usp_LoadDailyExtract @RunDate = @p1,svc_etl,THREADPOOL waittime=143300 lastwaittype=THREADPOOL,0,0,0,,0,0,0,153,suspended,,0,0.0,ETL-WRK-03,StagingDB,SSIS-Package-NightlyLoad,2026-04-11 03:15:03.000,2026-04-11 03:14:00.000,0,2026-04-11 03:17:25.000,0,0
00 00:02:22.000,304,EXEC dbo.usp_LoadDailyExtract @RunDate = @p1,svc_etl,THREADPOOL waittime=142400 lastwaittype=THREADPOOL,0,0,0,,0,0,0,191,suspended,,0,0.0,ETL-WRK-03,StagingDB,SSIS-Package-NightlyLoad,2026-04-11 03:15:04.000,2026-04-11 03:14:00.000,0,2026-04-11 03:17:25.000,0,0
00 00:02:21.000,305,EXEC dbo.usp_LoadDailyExtract @RunDate = @p1,svc_etl,THREADPOOL waittime=141500 lastwaittype=THREADPOOL,0,0,0,,0,0,0,79,suspended,,0,0.0,ETL-WRK-03,StagingDB,SSIS-Package-NightlyLoad,2026-04-11 03:15:05.000,2026-04-11 03:14:00.000,0,2026-04-11 03:17:25.000,0,0
00 00:02:20.000,306,EXEC dbo.usp_LoadDailyExtract @RunDate = @p1,svc_etl,THREADPOOL waittime=140600 lastwaittype=THREADPOOL,0,0,0,,0,0,0,73,suspended,,0,0.0,ETL-WRK-03,StagingDB,SSIS-Package-NightlyLoad,2026-04-11 03:15:06.000,2026-04-11 03:14:00.000,0,2026-04-11 03:17:25.000,0,0
00 00:02:19.000,307,EXEC dbo.usp_LoadDailyExtract @RunDate = @p1,svc_etl,THREADPOOL waittime=139700 lastwaittype=THREADPOOL,0,0,0,,0,0,0,131,suspended,,0,0.0,ETL-WRK-03,StagingDB,SSIS-Package-NightlyLoad,2026-04-11 03:15:07.000,2026-04-11 03:14:00.000,0,2026-04-11 03:17:25.000,0,0
00 00:02:18.000,308,EXEC dbo.usp_LoadDailyExtract @RunDate = @p1,svc_etl,THREADPOOL waittime=138800 lastwaittype=THREADPOOL,0,0,0,,0,0,0,162,suspended,,0,0.0,ETL-WRK-03,StagingDB,SSIS-Package-NightlyLoad,2026-04-11 03:15:08.000,2026-04-11 03:14:00.000,0,2026-04-11 03:17:25.000,0,0
00 00:02:17.000,309,EXEC dbo.usp_LoadDailyExtract @RunDate = @p1,svc_etl,THREADPOOL waittime=137900 lastwaittype=THREADPOOL,0,0,0,,0,0,0,92,suspended,,0,0.0,ETL-WRK-03,StagingDB,SSIS-Package-NightlyLoad,2026-04-11 03:15:09.000,2026-04-11 03:14:00.000,0,2026-04-11 03:17:25.000,0,0
00 00:02:17.000,310,EXEC dbo.usp_LoadDailyExtract @RunDate = @p1,svc_etl,THREADPOOL waittime=137000 lastwaittype=THREADPOOL,0,0,0,,0,0,0,120,suspended,,0,0.0,ETL-WRK-03,StagingDB,SSIS-Package-NightlyLoad,2026-04-11 03:15:10.000,2026-04-11 03:14:00.000,0,2026-04-11 03:17:25.000,0,0
00 00:02:16.000,311,EXEC dbo.usp_LoadDailyExtract @RunDate = @p1,svc_etl,THREADPOOL waittime=136100 lastwaittype=THREADPOOL,0,0,0,,0,0,0,118,suspended,,0,0.0,ETL-WRK-03,StagingDB,SSIS-Package-NightlyLoad,2026-04-11 03:15:11.000,2026-04-11 03:14:00.000,0,2026-04-11 03:17:25.000,0,0
00 00:02:15.000,312,EXEC dbo.usp_LoadDailyExtract @RunDate = @p1,svc_etl,THREADPOOL waittime=135200 lastwaittype=THREADPOOL,0,0,0,,0,0,0,169,suspended,,0,0.0,ETL-WRK-03,StagingDB,SSIS-Package-NightlyLoad,2026-04-11 03:15:12.000,2026-04-11 03:14:00.000,0,2026-04-11 03:17:25.000,0,0
00 00:02:14.000,313,EXEC dbo.usp_LoadDailyExtract @RunDate = @p1,svc_etl,THREADPOOL waittime=134300 lastwaittype=THREADPOOL,0,0,0,,0,0,0,65,suspended,,0,0.0,ETL-WRK-03,StagingDB,SSIS-Package-NightlyLoad,2026-04-11 03:15:13.000,2026-04-11 03:14:00.000,0,2026-04-11 03:17:25.000,0,0
00 00:02:13.000,314,EXEC dbo.usp_LoadDailyExtract @RunDate = @p1,svc_etl,THREADPOOL waittime=133400 lastwaittype=THREADPOOL,0,0,0,,0,0,0,114,suspended,,0,0.0,ETL-WRK-03,StagingDB,SSIS-Package-NightlyLoad,2026-04-11 03:15:14.000,2026-04-11 03:14:00.000,0,2026-04-11 03:17:25.000,0,0
00 00:02:12.000,315,EXEC dbo.usp_LoadDailyExtract @RunDate = @p1,svc_etl,THREADPOOL waittime=132500 lastwaittype=THREADPOOL,0,0,0,,0,0,0,138,suspended,,0,0.0,ETL-WRK-03,StagingDB,SSIS-Package-NightlyLoad,2026-04-11 03:15:15.000,2026-04-11 03:14:00.000,0,2026-04-11 03:17:25.000,0,0
00 00:02:11.000,316,EXEC dbo.usp_LoadDailyExtract @RunDate = @p1,svc_etl,THREADPOOL waittime=131600 lastwaittype=THREADPOOL,0,0,0,,0,0,0,122,suspended,,0,0.0,ETL-WRK-03,StagingDB,SSIS-Package-NightlyLoad,2026-04-11 03:15:16.000,2026-04-11 03:14:00.000,0,2026-04-11 03:17:25.000,0,0
00 00:02:10.000,317,EXEC dbo.usp_LoadDailyExtract @RunDate = @p1,svc_etl,THREADPOOL waittime=130700 lastwaittype=THREADPOOL,0,0,0,,0,0,0,94,suspended,,0,0.0,ETL-WRK-03,StagingDB,SSIS-Package-NightlyLoad,2026-04-11 03:15:17.000,2026-04-11 03:14:00.000,0,2026-04-11 03:17:25.000,0,0
00 00:02:31.000,300,EXEC dbo.usp_LoadDailyExtract @RunDate = @p1,svc_etl,THREADPOOL waittime=151000 lastwaittype=THREADPOOL,0,0,0,,0,0,0,75,suspended,,0,0.0,ETL-WRK-03,StagingDB,SSIS-Package-NightlyLoad,2026-04-11 03:15:00.000,2026-04-11 03:14:00.000,0,2026-04-11 03:17:30.000,0,0
00 00:02:30.000,301,EXEC dbo.usp_LoadDailyExtract @RunDate = @p1,svc_etl,THREADPOOL waittime=150100 lastwaittype=THREADPOOL,0,0,0,,0,0,0,84,suspended,,0,0.0,ETL-WRK-03,StagingDB,SSIS-Package-NightlyLoad,2026-04-11 03:15:01.000,2026-04-11 03:14:00.000,0,2026-04-11 03:17:30.000,0,0
00 00:02:29.000,302,EXEC dbo.usp_LoadDailyExtract @RunDate = @p1,svc_etl,THREADPOOL waittime=149200 lastwaittype=THREADPOOL,0,0,0,,0,0,0,184,suspended,,0,0.0,ETL-WRK-03,StagingDB,SSIS-Package-NightlyLoad,2026-04-11 03:15:02.000,2026-04-11 03:14:00.000,0,2026-04-11 03:17:30.000,0,0
00 00:02:28.000,303,EXEC dbo.usp_LoadDailyExtract @RunDate = @p1,svc_etl,THREADPOOL waittime=148300 lastwaittype=THREADPOOL,0,0,0,,0,0,0,130,suspended,,0,0.0,ETL-WRK-03,StagingDB,SSIS-Package-NightlyLoad,2026-04-11 03:15:03.000,2026-04-11 03:14:00.000,0,2026-04-11 03:17:30.000,0,0
00 00:02:27.000,304,EXEC dbo.usp_LoadDailyExtract @RunDate = @p1,svc_etl,THREADPOOL waittime=147400 lastwaittype=THREADPOOL,0,0,0,,0,0,0,187,suspended,,0,0.0,ETL-WRK-03,StagingDB,SSIS-Package-NightlyLoad,2026-04-11 03:15:04.000,2026-04-11 03:14:00.000,0,2026-04-11 03:17:30.000,0,0
00 00:02:26.000,305,EXEC dbo.usp_LoadDailyExtract @RunDate = @p1,svc_etl,THREADPOOL waittime=146500 lastwaittype=THREADPOOL,0,0,0,,0,0,0,87,suspended,,0,0.0,ETL-WRK-03,StagingDB,SSIS-Package-NightlyLoad,2026-04-11 03:15:05.000,2026-04-11 03:14:00.000,0,2026-04-11 03:17:30.000,0,0
00 00:02:25.000,306,EXEC dbo.usp_LoadDailyExtract @RunDate = @p1,svc_etl,THREADPOOL waittime=145600 lastwaittype=THREADPOOL,0,0,0,,0,0,0,156,suspended,,0,0.0,ETL-WRK-03,StagingDB,SSIS-Package-NightlyLoad,2026-04-11 03:15:06.000,2026-04-11 03:14:00.000,0,2026-04-11 03:17:30.000,0,0
00 00:02:24.000,307,EXEC dbo.usp_LoadDailyExtract @RunDate = @p1,svc_etl,THREADPOOL waittime=144700 lastwaittype=THREADPOOL,0,0,0,,0,0,0,192,suspended,,0,0.0,ETL-WRK-03,StagingDB,SSIS-Package-NightlyLoad,2026-04-11 03:15:07.000,2026-04-11 03:14:00.000,0,2026-04-11 03:17:30.000,0,0
00 00:02:23.000,308,EXEC dbo.usp_LoadDailyExtract @RunDate = @p1,svc_etl,THREADPOOL waittime=143800 lastwaittype=THREADPOOL,0,0,0,,0,0,0,67,suspended,,0,0.0,ETL-WRK-03,StagingDB,SSIS-Package-NightlyLoad,2026-04-11 03:15:08.000,2026-04-11 03:14:00.000,0,2026-04-11 03:17:30.000,0,0
00 00:02:22.000,309,EXEC dbo.usp_LoadDailyExtract @RunDate = @p1,svc_etl,THREADPOOL waittime=142900 lastwaittype=THREADPOOL,0,0,0,,0,0,0,86,suspended,,0,0.0,ETL-WRK-03,StagingDB,SSIS-Package-NightlyLoad,2026-04-11 03:15:09.000,2026-04-11 03:14:00.000,0,2026-04-11 03:17:30.000,0,0
00 00:02:22.000,310,EXEC dbo.usp_LoadDailyExtract @RunDate = @p1,svc_etl,THREADPOOL waittime=142000 lastwaittype=THREADPOOL,0,0,0,,0,0,0,79,suspended,,0,0.0,ETL-WRK-03,StagingDB,SSIS-Package-NightlyLoad,2026-04-11 03:15:10.000,2026-04-11 03:14:00.000,0,2026-04-11 03:17:30.000,0,0
00 00:02:21.000,311,EXEC dbo.usp_LoadDailyExtract @RunDate = @p1,svc_etl,THREADPOOL waittime=141100 lastwaittype=THREADPOOL,0,0,0,,0,0,0,162,suspended,,0,0.0,ETL-WRK-03,StagingDB,SSIS-Package-NightlyLoad,2026-04-11 03:15:11.000,2026-04-11 03:14:00.000,0,2026-04-11 03:17:30.000,0,0
00 00:02:20.000,312,EXEC dbo.usp_LoadDailyExtract @RunDate = @p1,svc_etl,THREADPOOL waittime=140200 lastwaittype=THREADPOOL,0,0,0,,0,0,0,129,suspended,,0,0.0,ETL-WRK-03,StagingDB,SSIS-Package-NightlyLoad,2026-04-11 03:15:12.000,2026-04-11 03:14:00.000,0,2026-04-11 03:17:30.000,0,0
00 00:02:19.000,313,EXEC dbo.usp_LoadDailyExtract @RunDate = @p1,svc_etl,THREADPOOL waittime=139300 lastwaittype=THREADPOOL,0,0,0,,0,0,0,89,suspended,,0,0.0,ETL-WRK-03,StagingDB,SSIS-Package-NightlyLoad,2026-04-11 03:15:13.000,2026-04-11 03:14:00.000,0,2026-04-11 03:17:30.000,0,0
00 00:02:18.000,314,EXEC dbo.usp_LoadDailyExtract @RunDate = @p1,svc_etl,THREADPOOL waittime=138400 lastwaittype=THREADPOOL,0,0,0,,0,0,0,120,suspended,,0,0.0,ETL-WRK-03,StagingDB,SSIS-Package-NightlyLoad,2026-04-11 03:15:14.000,2026-04-11 03:14:00.000,0,2026-04-11 03:17:30.000,0,0
00 00:02:17.000,315,EXEC dbo.usp_LoadDailyExtract @RunDate = @p1,svc_etl,THREADPOOL waittime=137500 lastwaittype=THREADPOOL,0,0,0,,0,0,0,79,suspended,,0,0.0,ETL-WRK-03,StagingDB,SSIS-Package-NightlyLoad,2026-04-11 03:15:15.000,2026-04-11 03:14:00.000,0,2026-04-11 03:17:30.000,0,0
00 00:02:16.000,316,EXEC dbo.usp_LoadDailyExtract @RunDate = @p1,svc_etl,THREADPOOL waittime=136600 lastwaittype=THREADPOOL,0,0,0,,0,0,0,101,suspended,,0,0.0,ETL-WRK-03,StagingDB,SSIS-Package-NightlyLoad,2026-04-11 03:15:16.000,2026-04-11 03:14:00.000,0,2026-04-11 03:17:30.000,0,0
00 00:02:15.000,317,EXEC dbo.usp_LoadDailyExtract @RunDate = @p1,svc_etl,THREADPOOL waittime=135700 lastwaittype=THREADPOOL,0,0,0,,0,0,0,149,suspended,,0,0.0,ETL-WRK-03,StagingDB,SSIS-Package-NightlyLoad,2026-04-11 03:15:17.000,2026-04-11 03:14:00.000,0,2026-04-11 03:17:30.000,0,0
00 00:02:14.000,318,EXEC dbo.usp_LoadDailyExtract @RunDate = @p1,svc_etl,THREADPOOL waittime=134800 lastwaittype=THREADPOOL,0,0,0,,0,0,0,81,suspended,,0,0.0,ETL-WRK-03,StagingDB,SSIS-Package-NightlyLoad,2026-04-11 03:15:18.000,2026-04-11 03:14:00.000,0,2026-04-11 03:17:30.000,0,0
00 00:02:36.000,300,EXEC dbo.usp_LoadDailyExtract @RunDate = @p1,svc_etl,THREADPOOL waittime=156000 lastwaittype=THREADPOOL,0,0,0,,0,0,0,179,suspended,,0,0.0,ETL-WRK-03,StagingDB,SSIS-Package-NightlyLoad,2026-04-11 03:15:00.000,2026-04-11 03:14:00.000,0,2026-04-11 03:17:35.000,0,0
00 00:02:35.000,301,EXEC dbo.usp_LoadDailyExtract @RunDate = @p1,svc_etl,THREADPOOL waittime=155100 lastwaittype=THREADPOOL,0,0,0,,0,0,0,104,suspended,,0,0.0,ETL-WRK-03,StagingDB,SSIS-Package-NightlyLoad,2026-04-11 03:15:01.000,2026-04-11 03:14:00.000,0,2026-04-11 03:17:35.000,0,0
00 00:02:34.000,302,EXEC dbo.usp_LoadDailyExtract @RunDate = @p1,svc_etl,THREADPOOL waittime=154200 lastwaittype=THREADPOOL,0,0,0,,0,0,0,185,suspended,,0,0.0,ETL-WRK-03,StagingDB,SSIS-Package-NightlyLoad,2026-04-11 03:15:02.000,2026-04-11 03:14:00.000,0,2026-04-11 03:17:35.000,0,0
00 00:02:33.000,303,EXEC dbo.usp_LoadDailyExtract @RunDate = @p1,svc_etl,THREADPOOL waittime=153300 lastwaittype=THREADPOOL,0,0,0,,0,0,0,153,suspended,,0,0.0,ETL-WRK-03,StagingDB,SSIS-Package-NightlyLoad,2026-04-11 03:15:03.000,2026-04-11 03:14:00.000,0,2026-04-11 03:17:35.000,0,0
00 00:02:32.000,304,EXEC dbo.usp_LoadDailyExtract @RunDate = @p1,svc_etl,THREADPOOL waittime=152400 lastwaittype=THREADPOOL,0,0,0,,0,0,0,168,suspended,,0,0.0,ETL-WRK-03,StagingDB,SSIS-Package-NightlyLoad,2026-04-11 03:15:04.000,2026-04-11 03:14:00.000,0,2026-04-11 03:17:35.000,0,0
00 00:02:31.000,305,EXEC dbo.usp_LoadDailyExtract @RunDate = @p1,svc_etl,THREADPOOL waittime=151500 lastwaittype=THREADPOOL,0,0,0,,0,0,0,68,suspended,,0,0.0,ETL-WRK-03,StagingDB,SSIS-Package-NightlyLoad,2026-04-11 03:15:05.000,2026-04-11 03:14:00.000,0,2026-04-11 03:17:35.000,0,0
00 00:02:30.000,306,EXEC dbo.usp_LoadDailyExtract @RunDate = @p1,svc_etl,THREADPOOL waittime=150600 lastwaittype=THREADPOOL,0,0,0,,0,0,0,189,suspended,,0,0.0,ETL-WRK-03,StagingDB,SSIS-Package-NightlyLoad,2026-04-11 03:15:06.000,2026-04-11 03:14:00.000,0,2026-04-11 03:17:35.000,0,0
00 00:02:29.000,307,EXEC dbo.usp_LoadDailyExtract @RunDate = @p1,svc_etl,THREADPOOL waittime=149700 lastwaittype=THREADPOOL,0,0,0,,0,0,0,192,suspended,,0,0.0,ETL-WRK-03,StagingDB,SSIS-Package-NightlyLoad,2026-04-11 03:15:07.000,2026-04-11 03:14:00.000,0,2026-04-11 03:17:35.000,0,0
00 00:02:28.000,308,EXEC dbo.usp_LoadDailyExtract @RunDate = @p1,svc_etl,THREADPOOL waittime=148800 lastwaittype=THREADPOOL,0,0,0,,0,0,0,163,suspended,,0,0.0,ETL-WRK-03,StagingDB,SSIS-Package-NightlyLoad,2026-04-11 03:15:08.000,2026-04-11 03:14:00.000,0,2026-04-11 03:17:35.000,0,0
00 00:02:27.000,309,EXEC dbo.usp_LoadDailyExtract @RunDate = @p1,svc_etl,THREADPOOL waittime=147900 lastwaittype=THREADPOOL,0,0,0,,0,0,0,109,suspended,,0,0.0,ETL-WRK-03,StagingDB,SSIS-Package-NightlyLoad,2026-04-11 03:15:09.000,2026-04-11 03:14:00.000,0,2026-04-11 03:17:35.000,0,0
00 00:02:27.000,310,EXEC dbo.usp_LoadDailyExtract @RunDate = @p1,svc_etl,THREADPOOL waittime=147000 lastwaittype=THREADPOOL,0,0,0,,0,0,0,149,suspended,,0,0.0,ETL-WRK-03,StagingDB,SSIS-Package-NightlyLoad,2026-04-11 03:15:10.000,2026-04-11 03:14:00.000,0,2026-04-11 03:17:35.000,0,0
00 00:02:26.000,311,EXEC dbo.usp_LoadDailyExtract @RunDate = @p1,svc_etl,THREADPOOL waittime=146100 lastwaittype=THREADPOOL,0,0,0,,0,0,0,197,suspended,,0,0.0,ETL-WRK-03,StagingDB,SSIS-Package-NightlyLoad,2026-04-11 03:15:11.000,2026-04-11 03:14:00.000,0,2026-04-11 03:17:35.000,0,0
00 00:02:25.000,312,EXEC dbo.usp_LoadDailyExtract @RunDate = @p1,svc_etl,THREADPOOL waittime=145200 lastwaittype=THREADPOOL,0,0,0,,0,0,0,120,suspended,,0,0.0,ETL-WRK-03,StagingDB,SSIS-Package-NightlyLoad,2026-04-11 03:15:12.000,2026-04-11 03:14:00.000,0,2026-04-11 03:17:35.000,0,0
00 00:02:24.000,313,EXEC dbo.usp_LoadDailyExtract @RunDate = @p1,svc_etl,THREADPOOL waittime=144300 lastwaittype=THREADPOOL,0,0,0,,0,0,0,159,suspended,,0,0.0,ETL-WRK-03,StagingDB,SSIS-Package-NightlyLoad,2026-04-11 03:15:13.000,2026-04-11 03:14:00.000,0,2026-04-11 03:17:35.000,0,0
00 00:02:23.000,314,EXEC dbo.usp_LoadDailyExtract @RunDate = @p1,svc_etl,THREADPOOL waittime=143400 lastwaittype=THREADPOOL,0,0,0,,0,0,0,143,suspended,,0,0.0,ETL-WRK-03,StagingDB,SSIS-Package-NightlyLoad,2026-04-11 03:15:14.000,2026-04-11 03:14:00.000,0,2026-04-11 03:17:35.000,0,0
00 00:02:22.000,315,EXEC dbo.usp_LoadDailyExtract @RunDate = @p1,svc_etl,THREADPOOL waittime=142500 lastwaittype=THREADPOOL,0,0,0,,0,0,0,147,suspended,,0,0.0,ETL-WRK-03,StagingDB,SSIS-Package-NightlyLoad,2026-04-11 03:15:15.000,2026-04-11 03:14:00.000,0,2026-04-11 03:17:35.000,0,0
00 00:02:21.000,316,EXEC dbo.usp_LoadDailyExtract @RunDate = @p1,svc_etl,THREADPOOL waittime=141600 lastwaittype=THREADPOOL,0,0,0,,0,0,0,169,suspended,,0,0.0,ETL-WRK-03,StagingDB,SSIS-Package-NightlyLoad,2026-04-11 03:15:16.000,2026-04-11 03:14:00.000,0,2026-04-11 03:17:35.000,0,0
00 00:02:20.000,317,EXEC dbo.usp_LoadDailyExtract @RunDate = @p1,svc_etl,THREADPOOL waittime=140700 lastwaittype=THREADPOOL,0,0,0,,0,0,0,199,suspended,,0,0.0,ETL-WRK-03,StagingDB,SSIS-Package-NightlyLoad,2026-04-11 03:15:17.000,2026-04-11 03:14:00.000,0,2026-04-11 03:17:35.000,0,0
00 00:02:19.000,318,EXEC dbo.usp_LoadDailyExtract @RunDate = @p1,svc_etl,THREADPOOL waittime=139800 lastwaittype=THREADPOOL,0,0,0,,0,0,0,100,suspended,,0,0.0,ETL-WRK-03,StagingDB,SSIS-Package-NightlyLoad,2026-04-11 03:15:18.000,2026-04-11 03:14:00.000,0,2026-04-11 03:17:35.000,0,0
00 00:02:41.000,300,EXEC dbo.usp_LoadDailyExtract @RunDate = @p1,svc_etl,THREADPOOL waittime=161000 lastwaittype=THREADPOOL,0,0,0,,0,0,0,199,suspended,,0,0.0,ETL-WRK-03,StagingDB,SSIS-Package-NightlyLoad,2026-04-11 03:15:00.000,2026-04-11 03:14:00.000,0,2026-04-11 03:17:40.000,0,0
00 00:02:40.000,301,EXEC dbo.usp_LoadDailyExtract @RunDate = @p1,svc_etl,THREADPOOL waittime=160100 lastwaittype=THREADPOOL,0,0,0,,0,0,0,140,suspended,,0,0.0,ETL-WRK-03,StagingDB,SSIS-Package-NightlyLoad,2026-04-11 03:15:01.000,2026-04-11 03:14:00.000,0,2026-04-11 03:17:40.000,0,0
00 00:02:39.000,302,EXEC dbo.usp_LoadDailyExtract @RunDate = @p1,svc_etl,THREADPOOL waittime=159200 lastwaittype=THREADPOOL,0,0,0,,0,0,0,70,suspended,,0,0.0,ETL-WRK-03,StagingDB,SSIS-Package-NightlyLoad,2026-04-11 03:15:02.000,2026-04-11 03:14:00.000,0,2026-04-11 03:17:40.000,0,0
00 00:02:38.000,303,EXEC dbo.usp_LoadDailyExtract @RunDate = @p1,svc_etl,THREADPOOL waittime=158300 lastwaittype=THREADPOOL,0,0,0,,0,0,0,166,suspended,,0,0.0,ETL-WRK-03,StagingDB,SSIS-Package-NightlyLoad,2026-04-11 03:15:03.000,2026-04-11 03:14:00.000,0,2026-04-11 03:17:40.000,0,0
00 00:02:37.000,304,EXEC dbo.usp_LoadDailyExtract @RunDate = @p1,svc_etl,THREADPOOL waittime=157400 lastwaittype=THREADPOOL,0,0,0,,0,0,0,96,suspended,,0,0.0,ETL-WRK-03,StagingDB,SSIS-Package-NightlyLoad,2026-04-11 03:15:04.000,2026-04-11 03:14:00.000,0,2026-04-11 03:17:40.000,0,0
00 00:02:36.000,305,EXEC dbo.usp_LoadDailyExtract @RunDate = @p1,svc_etl,THREADPOOL waittime=156500 lastwaittype=THREADPOOL,0,0,0,,0,0,0,172,suspended,,0,0.0,ETL-WRK-03,StagingDB,SSIS-Package-NightlyLoad,2026-04-11 03:15:05.000,2026-04-11 03:14:00.000,0,2026-04-11 03:17:40.000,0,0
00 00:02:35.000,306,EXEC dbo.usp_LoadDailyExtract @RunDate = @p1,svc_etl,THREADPOOL waittime=155600 lastwaittype=THREADPOOL,0,0,0,,0,0,0,142,suspended,,0,0.0,ETL-WRK-03,StagingDB,SSIS-Package-NightlyLoad,2026-04-11 03:15:06.000,2026-04-11 03:14:00.000,0,2026-04-11 03:17:40.000,0,0
00 00:02:34.000,307,EXEC dbo.usp_LoadDailyExtract @RunDate = @p1,svc_etl,THREADPOOL waittime=154700 lastwaittype=THREADPOOL,0,0,0,,0,0,0,73,suspended,,0,0.0,ETL-WRK-03,StagingDB,SSIS-Package-NightlyLoad,2026-04-11 03:15:07.000,2026-04-11 03:14:00.000,0,2026-04-11 03:17:40.000,0,0
00 00:02:33.000,308,EXEC dbo.usp_LoadDailyExtract @RunDate = @p1,svc_etl,THREADPOOL waittime=153800 lastwaittype=THREADPOOL,0,0,0,,0,0,0,72,suspended,,0,0.0,ETL-WRK-03,StagingDB,SSIS-Package-NightlyLoad,2026-04-11 03:15:08.000,2026-04-11 03:14:00.000,0,2026-04-11 03:17:40.000,0,0
00 00:02:32.000,309,EXEC dbo.usp_LoadDailyExtract @RunDate = @p1,svc_etl,THREADPOOL waittime=152900 lastwaittype=THREADPOOL,0,0,0,,0,0,0,142,suspended,,0,0.0,ETL-WRK-03,StagingDB,SSIS-Package-NightlyLoad,2026-04-11 03:15:09.000,2026-04-11 03:14:00.000,0,2026-04-11 03:17:40.000,0,0
00 00:02:32.000,310,EXEC dbo.usp_LoadDailyExtract @RunDate = @p1,svc_etl,THREADPOOL waittime=152000 lastwaittype=THREADPOOL,0,0,0,,0,0,0,116,suspended,,0,0.0,ETL-WRK-03,StagingDB,SSIS-Package-NightlyLoad,2026-04-11 03:15:10.000,2026-04-11 03:14:00.000,0,2026-04-11 03:17:40.000,0,0
00 00:02:31.000,311,EXEC dbo.usp_LoadDailyExtract @RunDate = @p1,svc_etl,THREADPOOL waittime=151100 lastwaittype=THREADPOOL,0,0,0,,0,0,0,76,suspended,,0,0.0,ETL-WRK-03,StagingDB,SSIS-Package-NightlyLoad,2026-04-11 03:15:11.000,2026-04-11 03:14:00.000,0,2026-04-11 03:17:40.000,0,0
00 00:02:30.000,312,EXEC dbo.usp_LoadDailyExtract @RunDate = @p1,svc_etl,THREADPOOL waittime=150200 lastwaittype=THREADPOOL,0,0,0,,0,0,0,98,suspended,,0,0.0,ETL-WRK-03,StagingDB,SSIS-Package-NightlyLoad,2026-04-11 03:15:12.000,2026-04-11 03:14:00.000,0,2026-04-11 03:17:40.000,0,0
00 00:02:29.000,313,EXEC dbo.usp_LoadDailyExtract @RunDate = @p1,svc_etl,THREADPOOL waittime=149300 lastwaittype=THREADPOOL,0,0,0,,0,0,0,131,suspended,,0,0.0,ETL-WRK-03,StagingDB,SSIS-Package-NightlyLoad,2026-04-11 03:15:13.000,2026-04-11 03:14:00.000,0,2026-04-11 03:17:40.000,0,0
00 00:02:28.000,314,EXEC dbo.usp_LoadDailyExtract @RunDate = @p1,svc_etl,THREADPOOL waittime=148400 lastwaittype=THREADPOOL,0,0,0,,0,0,0,123,suspended,,0,0.0,ETL-WRK-03,StagingDB,SSIS-Package-NightlyLoad,2026-04-11 03:15:14.000,2026-04-11 03:14:00.000,0,2026-04-11 03:17:40.000,0,0
00 00:02:27.000,315,EXEC dbo.usp_LoadDailyExtract @RunDate = @p1,svc_etl,THREADPOOL waittime=147500 lastwaittype=THREADPOOL,0,0,0,,0,0,0,196,suspended,,0,0.0,ETL-WRK-03,StagingDB,SSIS-Package-NightlyLoad,2026-04-11 03:15:15.000,2026-04-11 03:14:00.000,0,2026-04-11 03:17:40.000,0,0
00 00:02:26.000,316,EXEC dbo.usp_LoadDailyExtract @RunDate = @p1,svc_etl,THREADPOOL waittime=146600 lastwaittype=THREADPOOL,0,0,0,,0,0,0,95,suspended,,0,0.0,ETL-WRK-03,StagingDB,SSIS-Package-NightlyLoad,2026-04-11 03:15:16.000,2026-04-11 03:14:00.000,0,2026-04-11 03:17:40.000,0,0
00 00:02:25.000,317,EXEC dbo.usp_LoadDailyExtract @RunDate = @p1,svc_etl,THREADPOOL waittime=145700 lastwaittype=THREADPOOL,0,0,0,,0,0,0,136,suspended,,0,0.0,ETL-WRK-03,StagingDB,SSIS-Package-NightlyLoad,2026-04-11 03:15:17.000,2026-04-11 03:14:00.000,0,2026-04-11 03:17:40.000,0,0
00 00:02:24.000,318,EXEC dbo.usp_LoadDailyExtract @RunDate = @p1,svc_etl,THREADPOOL waittime=144800 lastwaittype=THREADPOOL,0,0,0,,0,0,0,180,suspended,,0,0.0,ETL-WRK-03,StagingDB,SSIS-Package-NightlyLoad,2026-04-11 03:15:18.000,2026-04-11 03:14:00.000,0,2026-04-11 03:17:40.000,0,0
00 00:02:23.000,319,EXEC dbo.usp_LoadDailyExtract @RunDate = @p1,svc_etl,THREADPOOL waittime=143900 lastwaittype=THREADPOOL,0,0,0,,0,0,0,97,suspended,,0,0.0,ETL-WRK-03,StagingDB,SSIS-Package-NightlyLoad,2026-04-11 03:15:19.000,2026-04-11 03:14:00.000,0,2026-04-11 03:17:40.000,0,0
00 00:02:46.000,300,EXEC dbo.usp_LoadDailyExtract @RunDate = @p1,svc_etl,THREADPOOL waittime=166000 lastwaittype=THREADPOOL,0,0,0,,0,0,0,178,suspended,,0,0.0,ETL-WRK-03,StagingDB,SSIS-Package-NightlyLoad,2026-04-11 03:15:00.000,2026-04-11 03:14:00.000,0,2026-04-11 03:17:45.000,0,0
00 00:02:45.000,301,EXEC dbo.usp_LoadDailyExtract @RunDate = @p1,svc_etl,THREADPOOL waittime=165100 lastwaittype=THREADPOOL,0,0,0,,0,0,0,89,suspended,,0,0.0,ETL-WRK-03,StagingDB,SSIS-Package-NightlyLoad,2026-04-11 03:15:01.000,2026-04-11 03:14:00.000,0,2026-04-11 03:17:45.000,0,0
00 00:02:44.000,302,EXEC dbo.usp_LoadDailyExtract @RunDate = @p1,svc_etl,THREADPOOL waittime=164200 lastwaittype=THREADPOOL,0,0,0,,0,0,0,197,suspended,,0,0.0,ETL-WRK-03,StagingDB,SSIS-Package-NightlyLoad,2026-04-11 03:15:02.000,2026-04-11 03:14:00.000,0,2026-04-11 03:17:45.000,0,0
00 00:02:43.000,303,EXEC dbo.usp_LoadDailyExtract @RunDate = @p1,svc_etl,THREADPOOL waittime=163300 lastwaittype=THREADPOOL,0,0,0,,0,0,0,129,suspended,,0,0.0,ETL-WRK-03,StagingDB,SSIS-Package-NightlyLoad,2026-04-11 03:15:03.000,2026-04-11 03:14:00.000,0,2026-04-11 03:17:45.000,0,0
00 00:02:42.000,304,EXEC dbo.usp_LoadDailyExtract @RunDate = @p1,svc_etl,THREADPOOL waittime=162400 lastwaittype=THREADPOOL,0,0,0,,0,0,0,85,suspended,,0,0.0,ETL-WRK-03,StagingDB,SSIS-Package-NightlyLoad,2026-04-11 03:15:04.000,2026-04-11 03:14:00.000,0,2026-04-11 03:17:45.000,0,0
00 00:02:41.000,305,EXEC dbo.usp_LoadDailyExtract @RunDate = @p1,svc_etl,THREADPOOL waittime=161500 lastwaittype=THREADPOOL,0,0,0,,0,0,0,138,suspended,,0,0.0,ETL-WRK-03,StagingDB,SSIS-Package-NightlyLoad,2026-04-11 03:15:05.000,2026-04-11 03:14:00.000,0,2026-04-11 03:17:45.000,0,0
00 00:02:40.000,306,EXEC dbo.usp_LoadDailyExtract @RunDate = @p1,svc_etl,THREADPOOL waittime=160600 lastwaittype=THREADPOOL,0,0,0,,0,0,0,176,suspended,,0,0.0,ETL-WRK-03,StagingDB,SSIS-Package-NightlyLoad,2026-04-11 03:15:06.000,2026-04-11 03:14:00.000,0,2026-04-11 03:17:45.000,0,0
00 00:02:39.000,307,EXEC dbo.usp_LoadDailyExtract @RunDate = @p1,svc_etl,THREADPOOL waittime=159700 lastwaittype=THREADPOOL,0,0,0,,0,0,0,168,suspended,,0,0.0,ETL-WRK-03,StagingDB,SSIS-Package-NightlyLoad,2026-04-11 03:15:07.000,2026-04-11 03:14:00.000,0,2026-04-11 03:17:45.000,0,0
00 00:02:38.000,308,EXEC dbo.usp_LoadDailyExtract @RunDate = @p1,svc_etl,THREADPOOL waittime=158800 lastwaittype=THREADPOOL,0,0,0,,0,0,0,90,suspended,,0,0.0,ETL-WRK-03,StagingDB,SSIS-Package-NightlyLoad,2026-04-11 03:15:08.000,2026-04-11 03:14:00.000,0,2026-04-11 03:17:45.000,0,0
00 00:02:37.000,309,EXEC dbo.usp_LoadDailyExtract @RunDate = @p1,svc_etl,THREADPOOL waittime=157900 lastwaittype=THREADPOOL,0,0,0,,0,0,0,141,suspended,,0,0.0,ETL-WRK-03,StagingDB,SSIS-Package-NightlyLoad,2026-04-11 03:15:09.000,2026-04-11 03:14:00.000,0,2026-04-11 03:17:45.000,0,0
00 00:02:37.000,310,EXEC dbo.usp_LoadDailyExtract @RunDate = @p1,svc_etl,THREADPOOL waittime=157000 lastwaittype=THREADPOOL,0,0,0,,0,0,0,149,suspended,,0,0.0,ETL-WRK-03,StagingDB,SSIS-Package-NightlyLoad,2026-04-11 03:15:10.000,2026-04-11 03:14:00.000,0,2026-04-11 03:17:45.000,0,0
00 00:02:36.000,311,EXEC dbo.usp_LoadDailyExtract @RunDate = @p1,svc_etl,THREADPOOL waittime=156100 lastwaittype=THREADPOOL,0,0,0,,0,0,0,174,suspended,,0,0.0,ETL-WRK-03,StagingDB,SSIS-Package-NightlyLoad,2026-04-11 03:15:11.000,2026-04-11 03:14:00.000,0,2026-04-11 03:17:45.000,0,0
00 00:02:35.000,312,EXEC dbo.usp_LoadDailyExtract @RunDate = @p1,svc_etl,THREADPOOL waittime=155200 lastwaittype=THREADPOOL,0,0,0,,0,0,0,117,suspended,,0,0.0,ETL-WRK-03,StagingDB,SSIS-Package-NightlyLoad,2026-04-11 03:15:12.000,2026-04-11 03:14:00.000,0,2026-04-11 03:17:45.000,0,0
00 00:02:34.000,313,EXEC dbo.usp_LoadDailyExtract @RunDate = @p1,svc_etl,THREADPOOL waittime=154300 lastwaittype=THREADPOOL,0,0,0,,0,0,0,109,suspended,,0,0.0,ETL-WRK-03,StagingDB,SSIS-Package-NightlyLoad,2026-04-11 03:15:13.000,2026-04-11 03:14:00.000,0,2026-04-11 03:17:45.000,0,0
00 00:02:33.000,314,EXEC dbo.usp_LoadDailyExtract @RunDate = @p1,svc_etl,THREADPOOL waittime=153400 lastwaittype=THREADPOOL,0,0,0,,0,0,0,124,suspended,,0,0.0,ETL-WRK-03,StagingDB,SSIS-Package-NightlyLoad,2026-04-11 03:15:14.000,2026-04-11 03:14:00.000,0,2026-04-11 03:17:45.000,0,0
00 00:02:32.000,315,EXEC dbo.usp_LoadDailyExtract @RunDate = @p1,svc_etl,THREADPOOL waittime=152500 lastwaittype=THREADPOOL,0,0,0,,0,0,0,99,suspended,,0,0.0,ETL-WRK-03,StagingDB,SSIS-Package-NightlyLoad,2026-04-11 03:15:15.000,2026-04-11 03:14:00.000,0,2026-04-11 03:17:45.000,0,0
00 00:02:31.000,316,EXEC dbo.usp_LoadDailyExtract @RunDate = @p1,svc_etl,THREADPOOL waittime=151600 lastwaittype=THREADPOOL,0,0,0,,0,0,0,131,suspended,,0,0.0,ETL-WRK-03,StagingDB,SSIS-Package-NightlyLoad,2026-04-11 03:15:16.000,2026-04-11 03:14:00.000,0,2026-04-11 03:17:45.000,0,0
00 00:02:30.000,317,EXEC dbo.usp_LoadDailyExtract @RunDate = @p1,svc_etl,THREADPOOL waittime=150700 lastwaittype=THREADPOOL,0,0,0,,0,0,0,143,suspended,,0,0.0,ETL-WRK-03,StagingDB,SSIS-Package-NightlyLoad,2026-04-11 03:15:17.000,2026-04-11 03:14:00.000,0,2026-04-11 03:17:45.000,0,0
00 00:02:29.000,318,EXEC dbo.usp_LoadDailyExtract @RunDate = @p1,svc_etl,THREADPOOL waittime=149800 lastwaittype=THREADPOOL,0,0,0,,0,0,0,83,suspended,,0,0.0,ETL-WRK-03,StagingDB,SSIS-Package-NightlyLoad,2026-04-11 03:15:18.000,2026-04-11 03:14:00.000,0,2026-04-11 03:17:45.000,0,0
00 00:02:28.000,319,EXEC dbo.usp_LoadDailyExtract @RunDate = @p1,svc_etl,THREADPOOL waittime=148900 lastwaittype=THREADPOOL,0,0,0,,0,0,0,112,suspended,,0,0.0,ETL-WRK-03,StagingDB,SSIS-Package-NightlyLoad,2026-04-11 03:15:19.000,2026-04-11 03:14:00.000,0,2026-04-11 03:17:45.000,0,0
00 00:02:51.000,300,EXEC dbo.usp_LoadDailyExtract @RunDate = @p1,svc_etl,THREADPOOL waittime=171000 lastwaittype=THREADPOOL,0,0,0,,0,0,0,178,suspended,,0,0.0,ETL-WRK-03,StagingDB,SSIS-Package-NightlyLoad,2026-04-11 03:15:00.000,2026-04-11 03:14:00.000,0,2026-04-11 03:17:50.000,0,0
00 00:02:50.000,301,EXEC dbo.usp_LoadDailyExtract @RunDate = @p1,svc_etl,THREADPOOL waittime=170100 lastwaittype=THREADPOOL,0,0,0,,0,0,0,176,suspended,,0,0.0,ETL-WRK-03,StagingDB,SSIS-Package-NightlyLoad,2026-04-11 03:15:01.000,2026-04-11 03:14:00.000,0,2026-04-11 03:17:50.000,0,0
00 00:02:49.000,302,EXEC dbo.usp_LoadDailyExtract @RunDate = @p1,svc_etl,THREADPOOL waittime=169200 lastwaittype=THREADPOOL,0,0,0,,0,0,0,158,suspended,,0,0.0,ETL-WRK-03,StagingDB,SSIS-Package-NightlyLoad,2026-04-11 03:15:02.000,2026-04-11 03:14:00.000,0,2026-04-11 03:17:50.000,0,0
00 00:02:48.000,303,EXEC dbo.usp_LoadDailyExtract @RunDate = @p1,svc_etl,THREADPOOL waittime=168300 lastwaittype=THREADPOOL,0,0,0,,0,0,0,160,suspended,,0,0.0,ETL-WRK-03,StagingDB,SSIS-Package-NightlyLoad,2026-04-11 03:15:03.000,2026-04-11 03:14:00.000,0,2026-04-11 03:17:50.000,0,0
00 00:02:47.000,304,EXEC dbo.usp_LoadDailyExtract @RunDate = @p1,svc_etl,THREADPOOL waittime=167400 lastwaittype=THREADPOOL,0,0,0,,0,0,0,154,suspended,,0,0.0,ETL-WRK-03,StagingDB,SSIS-Package-NightlyLoad,2026-04-11 03:15:04.000,2026-04-11 03:14:00.000,0,2026-04-11 03:17:50.000,0,0
00 00:02:46.000,305,EXEC dbo.usp_LoadDailyExtract @RunDate = @p1,svc_etl,THREADPOOL waittime=166500 lastwaittype=THREADPOOL,0,0,0,,0,0,0,152,suspended,,0,0.0,ETL-WRK-03,StagingDB,SSIS-Package-NightlyLoad,2026-04-11 03:15:05.000,2026-04-11 03:14:00.000,0,2026-04-11 03:17:50.000,0,0
00 00:02:45.000,306,EXEC dbo.usp_LoadDailyExtract @RunDate = @p1,svc_etl,THREADPOOL waittime=165600 lastwaittype=THREADPOOL,0,0,0,,0,0,0,69,suspended,,0,0.0,ETL-WRK-03,StagingDB,SSIS-Package-NightlyLoad,2026-04-11 03:15:06.000,2026-04-11 03:14:00.000,0,2026-04-11 03:17:50.000,0,0
00 00:02:44.000,307,EXEC dbo.usp_LoadDailyExtract @RunDate = @p1,svc_etl,THREADPOOL waittime=164700 lastwaittype=THREADPOOL,0,0,0,,0,0,0,148,suspended,,0,0.0,ETL-WRK-03,StagingDB,SSIS-Package-NightlyLoad,2026-04-11 03:15:07.000,2026-04-11 03:14:00.000,0,2026-04-11 03:17:50.000,0,0
00 00:02:43.000,308,EXEC dbo.usp_LoadDailyExtract @RunDate = @p1,svc_etl,THREADPOOL waittime=163800 lastwaittype=THREADPOOL,0,0,0,,0,0,0,86,suspended,,0,0.0,ETL-WRK-03,StagingDB,SSIS-Package-NightlyLoad,2026-04-11 03:15:08.000,2026-04-11 03:14:00.000,0,2026-04-11 03:17:50.000,0,0
00 00:02:42.000,309,EXEC dbo.usp_LoadDailyExtract @RunDate = @p1,svc_etl,THREADPOOL waittime=162900 lastwaittype=THREADPOOL,0,0,0,,0,0,0,70,suspended,,0,0.0,ETL-WRK-03,StagingDB,SSIS-Package-NightlyLoad,2026-04-11 03:15:09.000,2026-04-11 03:14:00.000,0,2026-04-11 03:17:50.000,0,0
00 00:02:42.000,310,EXEC dbo.usp_LoadDailyExtract @RunDate = @p1,svc_etl,THREADPOOL waittime=162000 lastwaittype=THREADPOOL,0,0,0,,0,0,0,186,suspended,,0,0.0,ETL-WRK-03,StagingDB,SSIS-Package-NightlyLoad,2026-04-11 03:15:10.000,2026-04-11 03:14:00.000,0,2026-04-11 03:17:50.000,0,0
00 00:02:41.000,311,EXEC dbo.usp_LoadDailyExtract @RunDate = @p1,svc_etl,THREADPOOL waittime=161100 lastwaittype=THREADPOOL,0,0,0,,0,0,0,118,suspended,,0,0.0,ETL-WRK-03,StagingDB,SSIS-Package-NightlyLoad,2026-04-11 03:15:11.000,2026-04-11 03:14:00.000,0,2026-04-11 03:17:50.000,0,0
00 00:02:40.000,312,EXEC dbo.usp_LoadDailyExtract @RunDate = @p1,svc_etl,THREADPOOL waittime=160200 lastwaittype=THREADPOOL,0,0,0,,0,0,0,114,suspended,,0,0.0,ETL-WRK-03,StagingDB,SSIS-Package-NightlyLoad,2026-04-11 03:15:12.000,2026-04-11 03:14:00.000,0,2026-04-11 03:17:50.000,0,0
00 00:02:39.000,313,EXEC dbo.usp_LoadDailyExtract @RunDate = @p1,svc_etl,THREADPOOL waittime=159300 lastwaittype=THREADPOOL,0,0,0,,0,0,0,150,suspended,,0,0.0,ETL-WRK-03,StagingDB,SSIS-Package-NightlyLoad,2026-04-11 03:15:13.000,2026-04-11 03:14:00.000,0,2026-04-11 03:17:50.000,0,0
00 00:02:38.000,314,EXEC dbo.usp_LoadDailyExtract @RunDate = @p1,svc_etl,THREADPOOL waittime=158400 lastwaittype=THREADPOOL,0,0,0,,0,0,0,162,suspended,,0,0.0,ETL-WRK-03,StagingDB,SSIS-Package-NightlyLoad,2026-04-11 03:15:14.000,2026-04-11 03:14:00.000,0,2026-04-11 03:17:50.000,0,0
00 00:02:37.000,315,EXEC dbo.usp_LoadDailyExtract @RunDate = @p1,svc_etl,THREADPOOL waittime=157500 lastwaittype=THREADPOOL,0,0,0,,0,0,0,101,suspended,,0,0.0,ETL-WRK-03,StagingDB,SSIS-Package-NightlyLoad,2026-04-11 03:15:15.000,2026-04-11 03:14:00.000,0,2026-04-11 03:17:50.000,0,0
00 00:02:36.000,316,EXEC dbo.usp_LoadDailyExtract @RunDate = @p1,svc_etl,THREADPOOL waittime=156600 lastwaittype=THREADPOOL,0,0,0,,0,0,0,173,suspended,,0,0.0,ETL-WRK-03,StagingDB,SSIS-Package-NightlyLoad,2026-04-11 03:15:16.000,2026-04-11 03:14:00.000,0,2026-04-11 03:17:50.000,0,0
00 00:02:35.000,317,EXEC dbo.usp_LoadDailyExtract @RunDate = @p1,svc_etl,THREADPOOL waittime=155700 lastwaittype=THREADPOOL,0,0,0,,0,0,0,105,suspended,,0,0.0,ETL-WRK-03,StagingDB,SSIS-Package-NightlyLoad,2026-04-11 03:15:17.000,2026-04-11 03:14:00.000,0,2026-04-11 03:17:50.000,0,0
00 00:02:34.000,318,EXEC dbo.usp_LoadDailyExtract @RunDate = @p1,svc_etl,THREADPOOL waittime=154800 lastwaittype=THREADPOOL,0,0,0,,0,0,0,180,suspended,,0,0.0,ETL-WRK-03,StagingDB,SSIS-Package-NightlyLoad,2026-04-11 03:15:18.000,2026-04-11 03:14:00.000,0,2026-04-11 03:17:50.000,0,0
00 00:02:33.000,319,EXEC dbo.usp_LoadDailyExtract @RunDate = @p1,svc_etl,THREADPOOL waittime=153900 lastwaittype=THREADPOOL,0,0,0,,0,0,0,177,suspended,,0,0.0,ETL-WRK-03,StagingDB,SSIS-Package-NightlyLoad,2026-04-11 03:15:19.000,2026-04-11 03:14:00.000,0,2026-04-11 03:17:50.000,0,0
00 00:02:33.000,320,EXEC dbo.usp_LoadDailyExtract @RunDate = @p1,svc_etl,THREADPOOL waittime=153000 lastwaittype=THREADPOOL,0,0,0,,0,0,0,92,suspended,,0,0.0,ETL-WRK-03,StagingDB,SSIS-Package-NightlyLoad,2026-04-11 03:15:20.000,2026-04-11 03:14:00.000,0,2026-04-11 03:17:50.000,0,0
00 00:02:56.000,300,EXEC dbo.usp_LoadDailyExtract @RunDate = @p1,svc_etl,THREADPOOL waittime=176000 lastwaittype=THREADPOOL,0,0,0,,0,0,0,172,suspended,,0,0.0,ETL-WRK-03,StagingDB,SSIS-Package-NightlyLoad,2026-04-11 03:15:00.000,2026-04-11 03:14:00.000,0,2026-04-11 03:17:55.000,0,0
00 00:02:55.000,301,EXEC dbo.usp_LoadDailyExtract @RunDate = @p1,svc_etl,THREADPOOL waittime=175100 lastwaittype=THREADPOOL,0,0,0,,0,0,0,119,suspended,,0,0.0,ETL-WRK-03,StagingDB,SSIS-Package-NightlyLoad,2026-04-11 03:15:01.000,2026-04-11 03:14:00.000,0,2026-04-11 03:17:55.000,0,0
00 00:02:54.000,302,EXEC dbo.usp_LoadDailyExtract @RunDate = @p1,svc_etl,THREADPOOL waittime=174200 lastwaittype=THREADPOOL,0,0,0,,0,0,0,68,suspended,,0,0.0,ETL-WRK-03,StagingDB,SSIS-Package-NightlyLoad,2026-04-11 03:15:02.000,2026-04-11 03:14:00.000,0,2026-04-11 03:17:55.000,0,0
00 00:02:53.000,303,EXEC dbo.usp_LoadDailyExtract @RunDate = @p1,svc_etl,THREADPOOL waittime=173300 lastwaittype=THREADPOOL,0,0,0,,0,0,0,66,suspended,,0,0.0,ETL-WRK-03,StagingDB,SSIS-Package-NightlyLoad,2026-04-11 03:15:03.000,2026-04-11 03:14:00.000,0,2026-04-11 03:17:55.000,0,0
00 00:02:52.000,304,EXEC dbo.usp_LoadDailyExtract @RunDate = @p1,svc_etl,THREADPOOL waittime=172400 lastwaittype=THREADPOOL,0,0,0,,0,0,0,148,suspended,,0,0.0,ETL-WRK-03,StagingDB,SSIS-Package-NightlyLoad,2026-04-11 03:15:04.000,2026-04-11 03:14:00.000,0,2026-04-11 03:17:55.000,0,0
00 00:02:51.000,305,EXEC dbo.usp_LoadDailyExtract @RunDate = @p1,svc_etl,THREADPOOL waittime=171500 lastwaittype=THREADPOOL,0,0,0,,0,0,0,74,suspended,,0,0.0,ETL-WRK-03,StagingDB,SSIS-Package-NightlyLoad,2026-04-11 03:15:05.000,2026-04-11 03:14:00.000,0,2026-04-11 03:17:55.000,0,0
00 00:02:50.000,306,EXEC dbo.usp_LoadDailyExtract @RunDate = @p1,svc_etl,THREADPOOL waittime=170600 lastwaittype=THREADPOOL,0,0,0,,0,0,0,183,suspended,,0,0.0,ETL-WRK-03,StagingDB,SSIS-Package-NightlyLoad,2026-04-11 03:15:06.000,2026-04-11 03:14:00.000,0,2026-04-11 03:17:55.000,0,0
00 00:02:49.000,307,EXEC dbo.usp_LoadDailyExtract @RunDate = @p1,svc_etl,THREADPOOL waittime=169700 lastwaittype=THREADPOOL,0,0,0,,0,0,0,157,suspended,,0,0.0,ETL-WRK-03,StagingDB,SSIS-Package-NightlyLoad,2026-04-11 03:15:07.000,2026-04-11 03:14:00.000,0,2026-04-11 03:17:55.000,0,0
00 00:02:48.000,308,EXEC dbo.usp_LoadDailyExtract @RunDate = @p1,svc_etl,THREADPOOL waittime=168800 lastwaittype=THREADPOOL,0,0,0,,0,0,0,100,suspended,,0,0.0,ETL-WRK-03,StagingDB,SSIS-Package-NightlyLoad,2026-04-11 03:15:08.000,2026-04-11 03:14:00.000,0,2026-04-11 03:17:55.000,0,0
00 00:02:47.000,309,EXEC dbo.usp_LoadDailyExtract @RunDate = @p1,svc_etl,THREADPOOL waittime=167900 lastwaittype=THREADPOOL,0,0,0,,0,0,0,106,suspended,,0,0.0,ETL-WRK-03,StagingDB,SSIS-Package-NightlyLoad,2026-04-11 03:15:09.000,2026-04-11 03:14:00.000,0,2026-04-11 03:17:55.000,0,0
00 00:02:47.000,310,EXEC dbo.usp_LoadDailyExtract @RunDate = @p1,svc_etl,THREADPOOL waittime=167000 lastwaittype=THREADPOOL,0,0,0,,0,0,0,184,suspended,,0,0.0,ETL-WRK-03,StagingDB,SSIS-Package-NightlyLoad,2026-04-11 03:15:10.000,2026-04-11 03:14:00.000,0,2026-04-11 03:17:55.000,0,0
00 00:02:46.000,311,EXEC dbo.usp_LoadDailyExtract @RunDate = @p1,svc_etl,THREADPOOL waittime=166100 lastwaittype=THREADPOOL,0,0,0,,0,0,0,96,suspended,,0,0.0,ETL-WRK-03,StagingDB,SSIS-Package-NightlyLoad,2026-04-11 03:15:11.000,2026-04-11 03:14:00.000,0,2026-04-11 03:17:55.000,0,0
00 00:02:45.000,312,EXEC dbo.usp_LoadDailyExtract @RunDate = @p1,svc_etl,THREADPOOL waittime=165200 lastwaittype=THREADPOOL,0,0,0,,0,0,0,80,suspended,,0,0.0,ETL-WRK-03,StagingDB,SSIS-Package-NightlyLoad,2026-04-11 03:15:12.000,2026-04-11 03:14:00.000,0,2026-04-11 03:17:55.000,0,0
00 00:02:44.000,313,EXEC dbo.usp_LoadDailyExtract @RunDate = @p1,svc_etl,THREADPOOL waittime=164300 lastwaittype=THREADPOOL,0,0,0,,0,0,0,154,suspended,,0,0.0,ETL-WRK-03,StagingDB,SSIS-Package-NightlyLoad,2026-04-11 03:15:13.000,2026-04-11 03:14:00.000,0,2026-04-11 03:17:55.000,0,0
00 00:02:43.000,314,EXEC dbo.usp_LoadDailyExtract @RunDate = @p1,svc_etl,THREADPOOL waittime=163400 lastwaittype=THREADPOOL,0,0,0,,0,0,0,74,suspended,,0,0.0,ETL-WRK-03,StagingDB,SSIS-Package-NightlyLoad,2026-04-11 03:15:14.000,2026-04-11 03:14:00.000,0,2026-04-11 03:17:55.000,0,0
00 00:02:42.000,315,EXEC dbo.usp_LoadDailyExtract @RunDate = @p1,svc_etl,THREADPOOL waittime=162500 lastwaittype=THREADPOOL,0,0,0,,0,0,0,173,suspended,,0,0.0,ETL-WRK-03,StagingDB,SSIS-Package-NightlyLoad,2026-04-11 03:15:15.000,2026-04-11 03:14:00.000,0,2026-04-11 03:17:55.000,0,0
00 00:02:41.000,316,EXEC dbo.usp_LoadDailyExtract @RunDate = @p1,svc_etl,THREADPOOL waittime=161600 lastwaittype=THREADPOOL,0,0,0,,0,0,0,144,suspended,,0,0.0,ETL-WRK-03,StagingDB,SSIS-Package-NightlyLoad,2026-04-11 03:15:16.000,2026-04-11 03:14:00.000,0,2026-04-11 03:17:55.000,0,0
00 00:02:40.000,317,EXEC dbo.usp_LoadDailyExtract @RunDate = @p1,svc_etl,THREADPOOL waittime=160700 lastwaittype=THREADPOOL,0,0,0,,0,0,0,92,suspended,,0,0.0,ETL-WRK-03,StagingDB,SSIS-Package-NightlyLoad,2026-04-11 03:15:17.000,2026-04-11 03:14:00.000,0,2026-04-11 03:17:55.000,0,0
00 00:02:39.000,318,EXEC dbo.usp_LoadDailyExtract @RunDate = @p1,svc_etl,THREADPOOL waittime=159800 lastwaittype=THREADPOOL,0,0,0,,0,0,0,134,suspended,,0,0.0,ETL-WRK-03,StagingDB,SSIS-Package-NightlyLoad,2026-04-11 03:15:18.000,2026-04-11 03:14:00.000,0,2026-04-11 03:17:55.000,0,0
00 00:02:38.000,319,EXEC dbo.usp_LoadDailyExtract @RunDate = @p1,svc_etl,THREADPOOL waittime=158900 lastwaittype=THREADPOOL,0,0,0,,0,0,0,188,suspended,,0,0.0,ETL-WRK-03,StagingDB,SSIS-Package-NightlyLoad,2026-04-11 03:15:19.000,2026-04-11 03:14:00.000,0,2026-04-11 03:17:55.000,0,0
00 00:02:38.000,320,EXEC dbo.usp_LoadDailyExtract @RunDate = @p1,svc_etl,THREADPOOL waittime=158000 lastwaittype=THREADPOOL,0,0,0,,0,0,0,66,suspended,,0,0.0,ETL-WRK-03,StagingDB,SSIS-Package-NightlyLoad,2026-04-11 03:15:20.000,2026-04-11 03:14:00.000,0,2026-04-11 03:17:55.000,0,0
00 00:03:01.000,300,EXEC dbo.usp_LoadDailyExtract @RunDate = @p1,svc_etl,THREADPOOL waittime=181000 lastwaittype=THREADPOOL,0,0,0,,0,0,0,133,suspended,,0,0.0,ETL-WRK-03,StagingDB,SSIS-Package-NightlyLoad,2026-04-11 03:15:00.000,2026-04-11 03:14:00.000,0,2026-04-11 03:18:00.000,0,0
00 00:03:00.000,301,EXEC dbo.usp_LoadDailyExtract @RunDate = @p1,svc_etl,THREADPOOL waittime=180100 lastwaittype=THREADPOOL,0,0,0,,0,0,0,100,suspended,,0,0.0,ETL-WRK-03,StagingDB,SSIS-Package-NightlyLoad,2026-04-11 03:15:01.000,2026-04-11 03:14:00.000,0,2026-04-11 03:18:00.000,0,0
00 00:02:59.000,302,EXEC dbo.usp_LoadDailyExtract @RunDate = @p1,svc_etl,THREADPOOL waittime=179200 lastwaittype=THREADPOOL,0,0,0,,0,0,0,81,suspended,,0,0.0,ETL-WRK-03,StagingDB,SSIS-Package-NightlyLoad,2026-04-11 03:15:02.000,2026-04-11 03:14:00.000,0,2026-04-11 03:18:00.000,0,0
00 00:02:58.000,303,EXEC dbo.usp_LoadDailyExtract @RunDate = @p1,svc_etl,THREADPOOL waittime=178300 lastwaittype=THREADPOOL,0,0,0,,0,0,0,191,suspended,,0,0.0,ETL-WRK-03,StagingDB,SSIS-Package-NightlyLoad,2026-04-11 03:15:03.000,2026-04-11 03:14:00.000,0,2026-04-11 03:18:00.000,0,0
00 00:02:57.000,304,EXEC dbo.usp_LoadDailyExtract @RunDate = @p1,svc_etl,THREADPOOL waittime=177400 lastwaittype=THREADPOOL,0,0,0,,0,0,0,172,suspended,,0,0.0,ETL-WRK-03,StagingDB,SSIS-Package-NightlyLoad,2026-04-11 03:15:04.000,2026-04-11 03:14:00.000,0,2026-04-11 03:18:00.000,0,0
00 00:02:56.000,305,EXEC dbo.usp_LoadDailyExtract @RunDate = @p1,svc_etl,THREADPOOL waittime=176500 lastwaittype=THREADPOOL,0,0,0,,0,0,0,138,suspended,,0,0.0,ETL-WRK-03,StagingDB,SSIS-Package-NightlyLoad,2026-04-11 03:15:05.000,2026-04-11 03:14:00.000,0,2026-04-11 03:18:00.000,0,0
00 00:02:55.000,306,EXEC dbo.usp_LoadDailyExtract @RunDate = @p1,svc_etl,THREADPOOL waittime=175600 lastwaittype=THREADPOOL,0,0,0,,0,0,0,138,suspended,,0,0.0,ETL-WRK-03,StagingDB,SSIS-Package-NightlyLoad,2026-04-11 03:15:06.000,2026-04-11 03:14:00.000,0,2026-04-11 03:18:00.000,0,0
00 00:02:54.000,307,EXEC dbo.usp_LoadDailyExtract @RunDate = @p1,svc_etl,THREADPOOL waittime=174700 lastwaittype=THREADPOOL,0,0,0,,0,0,0,148,suspended,,0,0.0,ETL-WRK-03,StagingDB,SSIS-Package-NightlyLoad,2026-04-11 03:15:07.000,2026-04-11 03:14:00.000,0,2026-04-11 03:18:00.000,0,0
00 00:02:53.000,308,EXEC dbo.usp_LoadDailyExtract @RunDate = @p1,svc_etl,THREADPOOL waittime=173800 lastwaittype=THREADPOOL,0,0,0,,0,0,0,89,suspended,,0,0.0,ETL-WRK-03,StagingDB,SSIS-Package-NightlyLoad,2026-04-11 03:15:08.000,2026-04-11 03:14:00.000,0,2026-04-11 03:18:00.000,0,0
00 00:02:52.000,309,EXEC dbo.usp_LoadDailyExtract @RunDate = @p1,svc_etl,THREADPOOL waittime=172900 lastwaittype=THREADPOOL,0,0,0,,0,0,0,92,suspended,,0,0.0,ETL-WRK-03,StagingDB,SSIS-Package-NightlyLoad,2026-04-11 03:15:09.000,2026-04-11 03:14:00.000,0,2026-04-11 03:18:00.000,0,0
00 00:02:52.000,310,EXEC dbo.usp_LoadDailyExtract @RunDate = @p1,svc_etl,THREADPOOL waittime=172000 lastwaittype=THREADPOOL,0,0,0,,0,0,0,116,suspended,,0,0.0,ETL-WRK-03,StagingDB,SSIS-Package-NightlyLoad,2026-04-11 03:15:10.000,2026-04-11 03:14:00.000,0,2026-04-11 03:18:00.000,0,0
00 00:02:51.000,311,EXEC dbo.usp_LoadDailyExtract @RunDate = @p1,svc_etl,THREADPOOL waittime=171100 lastwaittype=THREADPOOL,0,0,0,,0,0,0,132,suspended,,0,0.0,ETL-WRK-03,StagingDB,SSIS-Package-NightlyLoad,2026-04-11 03:15:11.000,2026-04-11 03:14:00.000,0,2026-04-11 03:18:00.000,0,0
00 00:02:50.000,312,EXEC dbo.usp_LoadDailyExtract @RunDate = @p1,svc_etl,THREADPOOL waittime=170200 lastwaittype=THREADPOOL,0,0,0,,0,0,0,80,suspended,,0,0.0,ETL-WRK-03,StagingDB,SSIS-Package-NightlyLoad,2026-04-11 03:15:12.000,2026-04-11 03:14:00.000,0,2026-04-11 03:18:00.000,0,0
00 00:02:49.000,313,EXEC dbo.usp_LoadDailyExtract @RunDate = @p1,svc_etl,THREADPOOL waittime=169300 lastwaittype=THREADPOOL,0,0,0,,0,0,0,167,suspended,,0,0.0,ETL-WRK-03,StagingDB,SSIS-Package-NightlyLoad,2026-04-11 03:15:13.000,2026-04-11 03:14:00.000,0,2026-04-11 03:18:00.000,0,0
00 00:02:48.000,314,EXEC dbo.usp_LoadDailyExtract @RunDate = @p1,svc_etl,THREADPOOL waittime=168400 lastwaittype=THREADPOOL,0,0,0,,0,0,0,127,suspended,,0,0.0,ETL-WRK-03,StagingDB,SSIS-Package-NightlyLoad,2026-04-11 03:15:14.000,2026-04-11 03:14:00.000,0,2026-04-11 03:18:00.000,0,0
00 00:02:47.000,315,EXEC dbo.usp_LoadDailyExtract @RunDate = @p1,svc_etl,THREADPOOL waittime=167500 lastwaittype=THREADPOOL,0,0,0,,0,0,0,116,suspended,,0,0.0,ETL-WRK-03,StagingDB,SSIS-Package-NightlyLoad,2026-04-11 03:15:15.000,2026-04-11 03:14:00.000,0,2026-04-11 03:18:00.000,0,0
00 00:02:46.000,316,EXEC dbo.usp_LoadDailyExtract @RunDate = @p1,svc_etl,THREADPOOL waittime=166600 lastwaittype=THREADPOOL,0,0,0,,0,0,0,157,suspended,,0,0.0,ETL-WRK-03,StagingDB,SSIS-Package-NightlyLoad,2026-04-11 03:15:16.000,2026-04-11 03:14:00.000,0,2026-04-11 03:18:00.000,0,0
00 00:02:45.000,317,EXEC dbo.usp_LoadDailyExtract @RunDate = @p1,svc_etl,THREADPOOL waittime=165700 lastwaittype=THREADPOOL,0,0,0,,0,0,0,120,suspended,,0,0.0,ETL-WRK-03,StagingDB,SSIS-Package-NightlyLoad,2026-04-11 03:15:17.000,2026-04-11 03:14:00.000,0,2026-04-11 03:18:00.000,0,0
00 00:02:44.000,318,EXEC dbo.usp_LoadDailyExtract @RunDate = @p1,svc_etl,THREADPOOL waittime=164800 lastwaittype=THREADPOOL,0,0,0,,0,0,0,67,suspended,,0,0.0,ETL-WRK-03,StagingDB,SSIS-Package-NightlyLoad,2026-04-11 03:15:18.000,2026-04-11 03:14:00.000,0,2026-04-11 03:18:00.000,0,0
00 00:02:43.000,319,EXEC dbo.usp_LoadDailyExtract @RunDate = @p1,svc_etl,THREADPOOL waittime=163900 lastwaittype=THREADPOOL,0,0,0,,0,0,0,69,suspended,,0,0.0,ETL-WRK-03,StagingDB,SSIS-Package-NightlyLoad,2026-04-11 03:15:19.000,2026-04-11 03:14:00.000,0,2026-04-11 03:18:00.000,0,0
00 00:02:43.000,320,EXEC dbo.usp_LoadDailyExtract @RunDate = @p1,svc_etl,THREADPOOL waittime=163000 lastwaittype=THREADPOOL,0,0,0,,0,0,0,74,suspended,,0,0.0,ETL-WRK-03,StagingDB,SSIS-Package-NightlyLoad,2026-04-11 03:15:20.000,2026-04-11 03:14:00.000,0,2026-04-11 03:18:00.000,0,0
00 00:02:42.000,321,EXEC dbo.usp_LoadDailyExtract @RunDate = @p1,svc_etl,THREADPOOL waittime=162100 lastwaittype=THREADPOOL,0,0,0,,0,0,0,148,suspended,,0,0.0,ETL-WRK-03,StagingDB,SSIS-Package-NightlyLoad,2026-04-11 03:15:21.000,2026-04-11 03:14:00.000,0,2026-04-11 03:18:00.000,0,0
00 00:03:06.000,300,EXEC dbo.usp_LoadDailyExtract @RunDate = @p1,svc_etl,THREADPOOL waittime=186000 lastwaittype=THREADPOOL,0,0,0,,0,0,0,105,suspended,,0,0.0,ETL-WRK-03,StagingDB,SSIS-Package-NightlyLoad,2026-04-11 03:15:00.000,2026-04-11 03:14:00.000,0,2026-04-11 03:18:05.000,0,0
00 00:03:05.000,301,EXEC dbo.usp_LoadDailyExtract @RunDate = @p1,svc_etl,THREADPOOL waittime=185100 lastwaittype=THREADPOOL,0,0,0,,0,0,0,162,suspended,,0,0.0,ETL-WRK-03,StagingDB,SSIS-Package-NightlyLoad,2026-04-11 03:15:01.000,2026-04-11 03:14:00.000,0,2026-04-11 03:18:05.000,0,0
00 00:03:04.000,302,EXEC dbo.usp_LoadDailyExtract @RunDate = @p1,svc_etl,THREADPOOL waittime=184200 lastwaittype=THREADPOOL,0,0,0,,0,0,0,176,suspended,,0,0.0,ETL-WRK-03,StagingDB,SSIS-Package-NightlyLoad,2026-04-11 03:15:02.000,2026-04-11 03:14:00.000,0,2026-04-11 03:18:05.000,0,0
00 00:03:03.000,303,EXEC dbo.usp_LoadDailyExtract @RunDate = @p1,svc_etl,THREADPOOL waittime=183300 lastwaittype=THREADPOOL,0,0,0,,0,0,0,65,suspended,,0,0.0,ETL-WRK-03,StagingDB,SSIS-Package-NightlyLoad,2026-04-11 03:15:03.000,2026-04-11 03:14:00.000,0,2026-04-11 03:18:05.000,0,0
00 00:03:02.000,304,EXEC dbo.usp_LoadDailyExtract @RunDate = @p1,svc_etl,THREADPOOL waittime=182400 lastwaittype=THREADPOOL,0,0,0,,0,0,0,98,suspended,,0,0.0,ETL-WRK-03,StagingDB,SSIS-Package-NightlyLoad,2026-04-11 03:15:04.000,2026-04-11 03:14:00.000,0,2026-04-11 03:18:05.000,0,0
00 00:03:01.000,305,EXEC dbo.usp_LoadDailyExtract @RunDate = @p1,svc_etl,THREADPOOL waittime=181500 lastwaittype=THREADPOOL,0,0,0,,0,0,0,143,suspended,,0,0.0,ETL-WRK-03,StagingDB,SSIS-Package-NightlyLoad,2026-04-11 03:15:05.000,2026-04-11 03:14:00.000,0,2026-04-11 03:18:05.000,0,0
00 00:03:00.000,306,EXEC dbo.usp_LoadDailyExtract @RunDate = @p1,svc_etl,THREADPOOL waittime=180600 lastwaittype=THREADPOOL,0,0,0,,0,0,0,131,suspended,,0,0.0,ETL-WRK-03,StagingDB,SSIS-Package-NightlyLoad,2026-04-11 03:15:06.000,2026-04-11 03:14:00.000,0,2026-04-11 03:18:05.000,0,0
00 00:02:59.000,307,EXEC dbo.usp_LoadDailyExtract @RunDate = @p1,svc_etl,THREADPOOL waittime=179700 lastwaittype=THREADPOOL,0,0,0,,0,0,0,74,suspended,,0,0.0,ETL-WRK-03,StagingDB,SSIS-Package-NightlyLoad,2026-04-11 03:15:07.000,2026-04-11 03:14:00.000,0,2026-04-11 03:18:05.000,0,0
00 00:02:58.000,308,EXEC dbo.usp_LoadDailyExtract @RunDate = @p1,svc_etl,THREADPOOL waittime=178800 lastwaittype=THREADPOOL,0,0,0,,0,0,0,197,suspended,,0,0.0,ETL-WRK-03,StagingDB,SSIS-Package-NightlyLoad,2026-04-11 03:15:08.000,2026-04-11 03:14:00.000,0,2026-04-11 03:18:05.000,0,0
00 00:02:57.000,309,EXEC dbo.usp_LoadDailyExtract @RunDate = @p1,svc_etl,THREADPOOL waittime=177900 lastwaittype=THREADPOOL,0,0,0,,0,0,0,70,suspended,,0,0.0,ETL-WRK-03,StagingDB,SSIS-Package-NightlyLoad,2026-04-11 03:15:09.000,2026-04-11 03:14:00.000,0,2026-04-11 03:18:05.000,0,0
00 00:02:57.000,310,EXEC dbo.usp_LoadDailyExtract @RunDate = @p1,svc_etl,THREADPOOL waittime=177000 lastwaittype=THREADPOOL,0,0,0,,0,0,0,133,suspended,,0,0.0,ETL-WRK-03,StagingDB,SSIS-Package-NightlyLoad,2026-04-11 03:15:10.000,2026-04-11 03:14:00.000,0,2026-04-11 03:18:05.000,0,0
00 00:02:56.000,311,EXEC dbo.usp_LoadDailyExtract @RunDate = @p1,svc_etl,THREADPOOL waittime=176100 lastwaittype=THREADPOOL,0,0,0,,0,0,0,127,suspended,,0,0.0,ETL-WRK-03,StagingDB,SSIS-Package-NightlyLoad,2026-04-11 03:15:11.000,2026-04-11 03:14:00.000,0,2026-04-11 03:18:05.000,0,0
00 00:02:55.000,312,EXEC dbo.usp_LoadDailyExtract @RunDate = @p1,svc_etl,THREADPOOL waittime=175200 lastwaittype=THREADPOOL,0,0,0,,0,0,0,102,suspended,,0,0.0,ETL-WRK-03,StagingDB,SSIS-Package-NightlyLoad,2026-04-11 03:15:12.000,2026-04-11 03:14:00.000,0,2026-04-11 03:18:05.000,0,0
00 00:02:54.000,313,EXEC dbo.usp_LoadDailyExtract @RunDate = @p1,svc_etl,THREADPOOL waittime=174300 lastwaittype=THREADPOOL,0,0,0,,0,0,0,94,suspended,,0,0.0,ETL-WRK-03,StagingDB,SSIS-Package-NightlyLoad,2026-04-11 03:15:13.000,2026-04-11 03:14:00.000,0,2026-04-11 03:18:05.000,0,0
00 00:02:53.000,314,EXEC dbo.usp_LoadDailyExtract @RunDate = @p1,svc_etl,THREADPOOL waittime=173400 lastwaittype=THREADPOOL,0,0,0,,0,0,0,127,suspended,,0,0.0,ETL-WRK-03,StagingDB,SSIS-Package-NightlyLoad,2026-04-11 03:15:14.000,2026-04-11 03:14:00.000,0,2026-04-11 03:18:05.000,0,0
00 00:02:52.000,315,EXEC dbo.usp_LoadDailyExtract @RunDate = @p1,svc_etl,THREADPOOL waittime=172500 lastwaittype=THREADPOOL,0,0,0,,0,0,0,145,suspended,,0,0.0,ETL-WRK-03,StagingDB,SSIS-Package-NightlyLoad,2026-04-11 03:15:15.000,2026-04-11 03:14:00.000,0,2026-04-11 03:18:05.000,0,0
00 00:02:51.000,316,EXEC dbo.usp_LoadDailyExtract @RunDate = @p1,svc_etl,THREADPOOL waittime=171600 lastwaittype=THREADPOOL,0,0,0,,0,0,0,121,suspended,,0,0.0,ETL-WRK-03,StagingDB,SSIS-Package-NightlyLoad,2026-04-11 03:15:16.000,2026-04-11 03:14:00.000,0,2026-04-11 03:18:05.000,0,0
00 00:02:50.000,317,EXEC dbo.usp_LoadDailyExtract @RunDate = @p1,svc_etl,THREADPOOL waittime=170700 lastwaittype=THREADPOOL,0,0,0,,0,0,0,166,suspended,,0,0.0,ETL-WRK-03,StagingDB,SSIS-Package-NightlyLoad,2026-04-11 03:15:17.000,2026-04-11 03:14:00.000,0,2026-04-11 03:18:05.000,0,0
00 00:02:49.000,318,EXEC dbo.usp_LoadDailyExtract @RunDate = @p1,svc_etl,THREADPOOL waittime=169800 lastwaittype=THREADPOOL,0,0,0,,0,0,0,132,suspended,,0,0.0,ETL-WRK-03,StagingDB,SSIS-Package-NightlyLoad,2026-04-11 03:15:18.000,2026-04-11 03:14:00.000,0,2026-04-11 03:18:05.000,0,0
00 00:02:48.000,319,EXEC dbo.usp_LoadDailyExtract @RunDate = @p1,svc_etl,THREADPOOL waittime=168900 lastwaittype=THREADPOOL,0,0,0,,0,0,0,111,suspended,,0,0.0,ETL-WRK-03,StagingDB,SSIS-Package-NightlyLoad,2026-04-11 03:15:19.000,2026-04-11 03:14:00.000,0,2026-04-11 03:18:05.000,0,0
00 00:02:48.000,320,EXEC dbo.usp_LoadDailyExtract @RunDate = @p1,svc_etl,THREADPOOL waittime=168000 lastwaittype=THREADPOOL,0,0,0,,0,0,0,161,suspended,,0,0.0,ETL-WRK-03,StagingDB,SSIS-Package-NightlyLoad,2026-04-11 03:15:20.000,2026-04-11 03:14:00.000,0,2026-04-11 03:18:05.000,0,0
00 00:02:47.000,321,EXEC dbo.usp_LoadDailyExtract @RunDate = @p1,svc_etl,THREADPOOL waittime=167100 lastwaittype=THREADPOOL,0,0,0,,0,0,0,121,suspended,,0,0.0,ETL-WRK-03,StagingDB,SSIS-Package-NightlyLoad,2026-04-11 03:15:21.000,2026-04-11 03:14:00.000,0,2026-04-11 03:18:05.000,0,0
00 00:03:11.000,300,EXEC dbo.usp_LoadDailyExtract @RunDate = @p1,svc_etl,THREADPOOL waittime=191000 lastwaittype=THREADPOOL,0,0,0,,0,0,0,96,suspended,,0,0.0,ETL-WRK-03,StagingDB,SSIS-Package-NightlyLoad,2026-04-11 03:15:00.000,2026-04-11 03:14:00.000,0,2026-04-11 03:18:10.000,0,0
00 00:03:10.000,301,EXEC dbo.usp_LoadDailyExtract @RunDate = @p1,svc_etl,THREADPOOL waittime=190100 lastwaittype=THREADPOOL,0,0,0,,0,0,0,155,suspended,,0,0.0,ETL-WRK-03,StagingDB,SSIS-Package-NightlyLoad,2026-04-11 03:15:01.000,2026-04-11 03:14:00.000,0,2026-04-11 03:18:10.000,0,0
00 00:03:09.000,302,EXEC dbo.usp_LoadDailyExtract @RunDate = @p1,svc_etl,THREADPOOL waittime=189200 lastwaittype=THREADPOOL,0,0,0,,0,0,0,111,suspended,,0,0.0,ETL-WRK-03,StagingDB,SSIS-Package-NightlyLoad,2026-04-11 03:15:02.000,2026-04-11 03:14:00.000,0,2026-04-11 03:18:10.000,0,0
00 00:03:08.000,303,EXEC dbo.usp_LoadDailyExtract @RunDate = @p1,svc_etl,THREADPOOL waittime=188300 lastwaittype=THREADPOOL,0,0,0,,0,0,0,102,suspended,,0,0.0,ETL-WRK-03,StagingDB,SSIS-Package-NightlyLoad,2026-04-11 03:15:03.000,2026-04-11 03:14:00.000,0,2026-04-11 03:18:10.000,0,0
00 00:03:07.000,304,EXEC dbo.usp_LoadDailyExtract @RunDate = @p1,svc_etl,THREADPOOL waittime=187400 lastwaittype=THREADPOOL,0,0,0,,0,0,0,176,suspended,,0,0.0,ETL-WRK-03,StagingDB,SSIS-Package-NightlyLoad,2026-04-11 03:15:04.000,2026-04-11 03:14:00.000,0,2026-04-11 03:18:10.000,0,0
00 00:03:06.000,305,EXEC dbo.usp_LoadDailyExtract @RunDate = @p1,svc_etl,THREADPOOL waittime=186500 lastwaittype=THREADPOOL,0,0,0,,0,0,0,196,suspended,,0,0.0,ETL-WRK-03,StagingDB,SSIS-Package-NightlyLoad,2026-04-11 03:15:05.000,2026-04-11 03:14:00.000,0,2026-04-11 03:18:10.000,0,0
00 00:03:05.000,306,EXEC dbo.usp_LoadDailyExtract @RunDate = @p1,svc_etl,THREADPOOL waittime=185600 lastwaittype=THREADPOOL,0,0,0,,0,0,0,74,suspended,,0,0.0,ETL-WRK-03,StagingDB,SSIS-Package-NightlyLoad,2026-04-11 03:15:06.000,2026-04-11 03:14:00.000,0,2026-04-11 03:18:10.000,0,0
00 00:03:04.000,307,EXEC dbo.usp_LoadDailyExtract @RunDate = @p1,svc_etl,THREADPOOL waittime=184700 lastwaittype=THREADPOOL,0,0,0,,0,0,0,133,suspended,,0,0.0,ETL-WRK-03,StagingDB,SSIS-Package-NightlyLoad,2026-04-11 03:15:07.000,2026-04-11 03:14:00.000,0,2026-04-11 03:18:10.000,0,0
00 00:03:03.000,308,EXEC dbo.usp_LoadDailyExtract @RunDate = @p1,svc_etl,THREADPOOL waittime=183800 lastwaittype=THREADPOOL,0,0,0,,0,0,0,136,suspended,,0,0.0,ETL-WRK-03,StagingDB,SSIS-Package-NightlyLoad,2026-04-11 03:15:08.000,2026-04-11 03:14:00.000,0,2026-04-11 03:18:10.000,0,0
00 00:03:02.000,309,EXEC dbo.usp_LoadDailyExtract @RunDate = @p1,svc_etl,THREADPOOL waittime=182900 lastwaittype=THREADPOOL,0,0,0,,0,0,0,105,suspended,,0,0.0,ETL-WRK-03,StagingDB,SSIS-Package-NightlyLoad,2026-04-11 03:15:09.000,2026-04-11 03:14:00.000,0,2026-04-11 03:18:10.000,0,0
00 00:03:02.000,310,EXEC dbo.usp_LoadDailyExtract @RunDate = @p1,svc_etl,THREADPOOL waittime=182000 lastwaittype=THREADPOOL,0,0,0,,0,0,0,103,suspended,,0,0.0,ETL-WRK-03,StagingDB,SSIS-Package-NightlyLoad,2026-04-11 03:15:10.000,2026-04-11 03:14:00.000,0,2026-04-11 03:18:10.000,0,0
00 00:03:01.000,311,EXEC dbo.usp_LoadDailyExtract @RunDate = @p1,svc_etl,THREADPOOL waittime=181100 lastwaittype=THREADPOOL,0,0,0,,0,0,0,64,suspended,,0,0.0,ETL-WRK-03,StagingDB,SSIS-Package-NightlyLoad,2026-04-11 03:15:11.000,2026-04-11 03:14:00.000,0,2026-04-11 03:18:10.000,0,0
00 00:03:00.000,312,EXEC dbo.usp_LoadDailyExtract @RunDate = @p1,svc_etl,THREADPOOL waittime=180200 lastwaittype=THREADPOOL,0,0,0,,0,0,0,113,suspended,,0,0.0,ETL-WRK-03,StagingDB,SSIS-Package-NightlyLoad,2026-04-11 03:15:12.000,2026-04-11 03:14:00.000,0,2026-04-11 03:18:10.000,0,0
00 00:02:59.000,313,EXEC dbo.usp_LoadDailyExtract @RunDate = @p1,svc_etl,THREADPOOL waittime=179300 lastwaittype=THREADPOOL,0,0,0,,0,0,0,150,suspended,,0,0.0,ETL-WRK-03,StagingDB,SSIS-Package-NightlyLoad,2026-04-11 03:15:13.000,2026-04-11 03:14:00.000,0,2026-04-11 03:18:10.000,0,0
00 00:02:58.000,314,EXEC dbo.usp_LoadDailyExtract @RunDate = @p1,svc_etl,THREADPOOL waittime=178400 lastwaittype=THREADPOOL,0,0,0,,0,0,0,112,suspended,,0,0.0,ETL-WRK-03,StagingDB,SSIS-Package-NightlyLoad,2026-04-11 03:15:14.000,2026-04-11 03:14:00.000,0,2026-04-11 03:18:10.000,0,0
00 00:02:57.000,315,EXEC dbo.usp_LoadDailyExtract @RunDate = @p1,svc_etl,THREADPOOL waittime=177500 lastwaittype=THREADPOOL,0,0,0,,0,0,0,155,suspended,,0,0.0,ETL-WRK-03,StagingDB,SSIS-Package-NightlyLoad,2026-04-11 03:15:15.000,2026-04-11 03:14:00.000,0,2026-04-11 03:18:10.000,0,0
00 00:02:56.000,316,EXEC dbo.usp_LoadDailyExtract @RunDate = @p1,svc_etl,THREADPOOL waittime=176600 lastwaittype=THREADPOOL,0,0,0,,0,0,0,127,suspended,,0,0.0,ETL-WRK-03,StagingDB,SSIS-Package-NightlyLoad,2026-04-11 03:15:16.000,2026-04-11 03:14:00.000,0,2026-04-11 03:18:10.000,0,0
00 00:02:55.000,317,EXEC dbo.usp_LoadDailyExtract @RunDate = @p1,svc_etl,THREADPOOL waittime=175700 lastwaittype=THREADPOOL,0,0,0,,0,0,0,65,suspended,,0,0.0,ETL-WRK-03,StagingDB,SSIS-Package-NightlyLoad,2026-04-11 03:15:17.000,2026-04-11 03:14:00.000,0,2026-04-11 03:18:10.000,0,0
00 00:02:54.000,318,EXEC dbo.usp_LoadDailyExtract @RunDate = @p1,svc_etl,THREADPOOL waittime=174800 lastwaittype=THREADPOOL,0,0,0,,0,0,0,124,suspended,,0,0.0,ETL-WRK-03,StagingDB,SSIS-Package-NightlyLoad,2026-04-11 03:15:18.000,2026-04-11 03:14:00.000,0,2026-04-11 03:18:10.000,0,0
00 00:02:53.000,319,EXEC dbo.usp_LoadDailyExtract @RunDate = @p1,svc_etl,THREADPOOL waittime=173900 lastwaittype=THREADPOOL,0,0,0,,0,0,0,158,suspended,,0,0.0,ETL-WRK-03,StagingDB,SSIS-Package-NightlyLoad,2026-04-11 03:15:19.000,2026-04-11 03:14:00.000,0,2026-04-11 03:18:10.000,0,0
00 00:02:53.000,320,EXEC dbo.usp_LoadDailyExtract @RunDate = @p1,svc_etl,THREADPOOL waittime=173000 lastwaittype=THREADPOOL,0,0,0,,0,0,0,116,suspended,,0,0.0,ETL-WRK-03,StagingDB,SSIS-Package-NightlyLoad,2026-04-11 03:15:20.000,2026-04-11 03:14:00.000,0,2026-04-11 03:18:10.000,0,0
00 00:02:52.000,321,EXEC dbo.usp_LoadDailyExtract @RunDate = @p1,svc_etl,THREADPOOL waittime=172100 lastwaittype=THREADPOOL,0,0,0,,0,0,0,195,suspended,,0,0.0,ETL-WRK-03,StagingDB,SSIS-Package-NightlyLoad,2026-04-11 03:15:21.000,2026-04-11 03:14:00.000,0,2026-04-11 03:18:10.000,0,0
00 00:02:51.000,322,EXEC dbo.usp_LoadDailyExtract @RunDate = @p1,svc_etl,THREADPOOL waittime=171200 lastwaittype=THREADPOOL,0,0,0,,0,0,0,105,suspended,,0,0.0,ETL-WRK-03,StagingDB,SSIS-Package-NightlyLoad,2026-04-11 03:15:22.000,2026-04-11 03:14:00.000,0,2026-04-11 03:18:10.000,0,0
00 00:03:16.000,300,EXEC dbo.usp_LoadDailyExtract @RunDate = @p1,svc_etl,THREADPOOL waittime=196000 lastwaittype=THREADPOOL,0,0,0,,0,0,0,121,suspended,,0,0.0,ETL-WRK-03,StagingDB,SSIS-Package-NightlyLoad,2026-04-11 03:15:00.000,2026-04-11 03:14:00.000,0,2026-04-11 03:18:15.000,0,0
00 00:03:15.000,301,EXEC dbo.usp_LoadDailyExtract @RunDate = @p1,svc_etl,THREADPOOL waittime=195100 lastwaittype=THREADPOOL,0,0,0,,0,0,0,195,suspended,,0,0.0,ETL-WRK-03,StagingDB,SSIS-Package-NightlyLoad,2026-04-11 03:15:01.000,2026-04-11 03:14:00.000,0,2026-04-11 03:18:15.000,0,0
00 00:03:14.000,302,EXEC dbo.usp_LoadDailyExtract @RunDate = @p1,svc_etl,THREADPOOL waittime=194200 lastwaittype=THREADPOOL,0,0,0,,0,0,0,75,suspended,,0,0.0,ETL-WRK-03,StagingDB,SSIS-Package-NightlyLoad,2026-04-11 03:15:02.000,2026-04-11 03:14:00.000,0,2026-04-11 03:18:15.000,0,0
00 00:03:13.000,303,EXEC dbo.usp_LoadDailyExtract @RunDate = @p1,svc_etl,THREADPOOL waittime=193300 lastwaittype=THREADPOOL,0,0,0,,0,0,0,180,suspended,,0,0.0,ETL-WRK-03,StagingDB,SSIS-Package-NightlyLoad,2026-04-11 03:15:03.000,2026-04-11 03:14:00.000,0,2026-04-11 03:18:15.000,0,0
00 00:03:12.000,304,EXEC dbo.usp_LoadDailyExtract @RunDate = @p1,svc_etl,THREADPOOL waittime=192400 lastwaittype=THREADPOOL,0,0,0,,0,0,0,88,suspended,,0,0.0,ETL-WRK-03,StagingDB,SSIS-Package-NightlyLoad,2026-04-11 03:15:04.000,2026-04-11 03:14:00.000,0,2026-04-11 03:18:15.000,0,0
00 00:03:11.000,305,EXEC dbo.usp_LoadDailyExtract @RunDate = @p1,svc_etl,THREADPOOL waittime=191500 lastwaittype=THREADPOOL,0,0,0,,0,0,0,129,suspended,,0,0.0,ETL-WRK-03,StagingDB,SSIS-Package-NightlyLoad,2026-04-11 03:15:05.000,2026-04-11 03:14:00.000,0,2026-04-11 03:18:15.000,0,0
00 00:03:10.000,306,EXEC dbo.usp_LoadDailyExtract @RunDate = @p1,svc_etl,THREADPOOL waittime=190600 lastwaittype=THREADPOOL,0,0,0,,0,0,0,132,suspended,,0,0.0,ETL-WRK-03,StagingDB,SSIS-Package-NightlyLoad,2026-04-11 03:15:06.000,2026-04-11 03:14:00.000,0,2026-04-11 03:18:15.000,0,0
00 00:03:09.000,307,EXEC dbo.usp_LoadDailyExtract @RunDate = @p1,svc_etl,THREADPOOL waittime=189700 lastwaittype=THREADPOOL,0,0,0,,0,0,0,84,suspended,,0,0.0,ETL-WRK-03,StagingDB,SSIS-Package-NightlyLoad,2026-04-11 03:15:07.000,2026-04-11 03:14:00.000,0,2026-04-11 03:18:15.000,0,0
00 00:03:08.000,308,EXEC dbo.usp_LoadDailyExtract @RunDate = @p1,svc_etl,THREADPOOL waittime=188800 lastwaittype=THREADPOOL,0,0,0,,0,0,0,138,suspended,,0,0.0,ETL-WRK-03,StagingDB,SSIS-Package-NightlyLoad,2026-04-11 03:15:08.000,2026-04-11 03:14:00.000,0,2026-04-11 03:18:15.000,0,0
00 00:03:07.000,309,EXEC dbo.usp_LoadDailyExtract @RunDate = @p1,svc_etl,THREADPOOL waittime=187900 lastwaittype=THREADPOOL,0,0,0,,0,0,0,165,suspended,,0,0.0,ETL-WRK-03,StagingDB,SSIS-Package-NightlyLoad,2026-04-11 03:15:09.000,2026-04-11 03:14:00.000,0,2026-04-11 03:18:15.000,0,0
00 00:03:07.000,310,EXEC dbo.usp_LoadDailyExtract @RunDate = @p1,svc_etl,THREADPOOL waittime=187000 lastwaittype=THREADPOOL,0,0,0,,0,0,0,150,suspended,,0,0.0,ETL-WRK-03,StagingDB,SSIS-Package-NightlyLoad,2026-04-11 03:15:10.000,2026-04-11 03:14:00.000,0,2026-04-11 03:18:15.000,0,0
00 00:03:06.000,311,EXEC dbo.usp_LoadDailyExtract @RunDate = @p1,svc_etl,THREADPOOL waittime=186100 lastwaittype=THREADPOOL,0,0,0,,0,0,0,117,suspended,,0,0.0,ETL-WRK-03,StagingDB,SSIS-Package-NightlyLoad,2026-04-11 03:15:11.000,2026-04-11 03:14:00.000,0,2026-04-11 03:18:15.000,0,0
00 00:03:05.000,312,EXEC dbo.usp_LoadDailyExtract @RunDate = @p1,svc_etl,THREADPOOL waittime=185200 lastwaittype=THREADPOOL,0,0,0,,0,0,0,158,suspended,,0,0.0,ETL-WRK-03,StagingDB,SSIS-Package-NightlyLoad,2026-04-11 03:15:12.000,2026-04-11 03:14:00.000,0,2026-04-11 03:18:15.000,0,0
00 00:03:04.000,313,EXEC dbo.usp_LoadDailyExtract @RunDate = @p1,svc_etl,THREADPOOL waittime=184300 lastwaittype=THREADPOOL,0,0,0,,0,0,0,96,suspended,,0,0.0,ETL-WRK-03,StagingDB,SSIS-Package-NightlyLoad,2026-04-11 03:15:13.000,2026-04-11 03:14:00.000,0,2026-04-11 03:18:15.000,0,0
00 00:03:03.000,314,EXEC dbo.usp_LoadDailyExtract @RunDate = @p1,svc_etl,THREADPOOL waittime=183400 lastwaittype=THREADPOOL,0,0,0,,0,0,0,148,suspended,,0,0.0,ETL-WRK-03,StagingDB,SSIS-Package-NightlyLoad,2026-04-11 03:15:14.000,2026-04-11 03:14:00.000,0,2026-04-11 03:18:15.000,0,0
00 00:03:02.000,315,EXEC dbo.usp_LoadDailyExtract @RunDate = @p1,svc_etl,THREADPOOL waittime=182500 lastwaittype=THREADPOOL,0,0,0,,0,0,0,66,suspended,,0,0.0,ETL-WRK-03,StagingDB,SSIS-Package-NightlyLoad,2026-04-11 03:15:15.000,2026-04-11 03:14:00.000,0,2026-04-11 03:18:15.000,0,0
00 00:03:01.000,316,EXEC dbo.usp_LoadDailyExtract @RunDate = @p1,svc_etl,THREADPOOL waittime=181600 lastwaittype=THREADPOOL,0,0,0,,0,0,0,182,suspended,,0,0.0,ETL-WRK-03,StagingDB,SSIS-Package-NightlyLoad,2026-04-11 03:15:16.000,2026-04-11 03:14:00.000,0,2026-04-11 03:18:15.000,0,0
00 00:03:00.000,317,EXEC dbo.usp_LoadDailyExtract @RunDate = @p1,svc_etl,THREADPOOL waittime=180700 lastwaittype=THREADPOOL,0,0,0,,0,0,0,154,suspended,,0,0.0,ETL-WRK-03,StagingDB,SSIS-Package-NightlyLoad,2026-04-11 03:15:17.000,2026-04-11 03:14:00.000,0,2026-04-11 03:18:15.000,0,0
00 00:02:59.000,318,EXEC dbo.usp_LoadDailyExtract @RunDate = @p1,svc_etl,THREADPOOL waittime=179800 lastwaittype=THREADPOOL,0,0,0,,0,0,0,109,suspended,,0,0.0,ETL-WRK-03,StagingDB,SSIS-Package-NightlyLoad,2026-04-11 03:15:18.000,2026-04-11 03:14:00.000,0,2026-04-11 03:18:15.000,0,0
00 00:02:58.000,319,EXEC dbo.usp_LoadDailyExtract @RunDate = @p1,svc_etl,THREADPOOL waittime=178900 lastwaittype=THREADPOOL,0,0,0,,0,0,0,117,suspended,,0,0.0,ETL-WRK-03,StagingDB,SSIS-Package-NightlyLoad,2026-04-11 03:15:19.000,2026-04-11 03:14:00.000,0,2026-04-11 03:18:15.000,0,0
00 00:02:58.000,320,EXEC dbo.usp_LoadDailyExtract @RunDate = @p1,svc_etl,THREADPOOL waittime=178000 lastwaittype=THREADPOOL,0,0,0,,0,0,0,71,suspended,,0,0.0,ETL-WRK-03,StagingDB,SSIS-Package-NightlyLoad,2026-04-11 03:15:20.000,2026-04-11 03:14:00.000,0,2026-04-11 03:18:15.000,0,0
00 00:02:57.000,321,EXEC dbo.usp_LoadDailyExtract @RunDate = @p1,svc_etl,THREADPOOL waittime=177100 lastwaittype=THREADPOOL,0,0,0,,0,0,0,89,suspended,,0,0.0,ETL-WRK-03,StagingDB,SSIS-Package-NightlyLoad,2026-04-11 03:15:21.000,2026-04-11 03:14:00.000,0,2026-04-11 03:18:15.000,0,0
00 00:02:56.000,322,EXEC dbo.usp_LoadDailyExtract @RunDate = @p1,svc_etl,THREADPOOL waittime=176200 lastwaittype=THREADPOOL,0,0,0,,0,0,0,137,suspended,,0,0.0,ETL-WRK-03,StagingDB,SSIS-Package-NightlyLoad,2026-04-11 03:15:22.000,2026-04-11 03:14:00.000,0,2026-04-11 03:18:15.000,0,0
00 00:03:21.000,300,EXEC dbo.usp_LoadDailyExtract @RunDate = @p1,svc_etl,THREADPOOL waittime=201000 lastwaittype=THREADPOOL,0,0,0,,0,0,0,86,suspended,,0,0.0,ETL-WRK-03,StagingDB,SSIS-Package-NightlyLoad,2026-04-11 03:15:00.000,2026-04-11 03:14:00.000,0,2026-04-11 03:18:20.000,0,0
00 00:03:20.000,301,EXEC dbo.usp_LoadDailyExtract @RunDate = @p1,svc_etl,THREADPOOL waittime=200100 lastwaittype=THREADPOOL,0,0,0,,0,0,0,154,suspended,,0,0.0,ETL-WRK-03,StagingDB,SSIS-Package-NightlyLoad,2026-04-11 03:15:01.000,2026-04-11 03:14:00.000,0,2026-04-11 03:18:20.000,0,0
00 00:03:19.000,302,EXEC dbo.usp_LoadDailyExtract @RunDate = @p1,svc_etl,THREADPOOL waittime=199200 lastwaittype=THREADPOOL,0,0,0,,0,0,0,192,suspended,,0,0.0,ETL-WRK-03,StagingDB,SSIS-Package-NightlyLoad,2026-04-11 03:15:02.000,2026-04-11 03:14:00.000,0,2026-04-11 03:18:20.000,0,0
00 00:03:18.000,303,EXEC dbo.usp_LoadDailyExtract @RunDate = @p1,svc_etl,THREADPOOL waittime=198300 lastwaittype=THREADPOOL,0,0,0,,0,0,0,151,suspended,,0,0.0,ETL-WRK-03,StagingDB,SSIS-Package-NightlyLoad,2026-04-11 03:15:03.000,2026-04-11 03:14:00.000,0,2026-04-11 03:18:20.000,0,0
00 00:03:17.000,304,EXEC dbo.usp_LoadDailyExtract @RunDate = @p1,svc_etl,THREADPOOL waittime=197400 lastwaittype=THREADPOOL,0,0,0,,0,0,0,152,suspended,,0,0.0,ETL-WRK-03,StagingDB,SSIS-Package-NightlyLoad,2026-04-11 03:15:04.000,2026-04-11 03:14:00.000,0,2026-04-11 03:18:20.000,0,0
00 00:03:16.000,305,EXEC dbo.usp_LoadDailyExtract @RunDate = @p1,svc_etl,THREADPOOL waittime=196500 lastwaittype=THREADPOOL,0,0,0,,0,0,0,112,suspended,,0,0.0,ETL-WRK-03,StagingDB,SSIS-Package-NightlyLoad,2026-04-11 03:15:05.000,2026-04-11 03:14:00.000,0,2026-04-11 03:18:20.000,0,0
00 00:03:15.000,306,EXEC dbo.usp_LoadDailyExtract @RunDate = @p1,svc_etl,THREADPOOL waittime=195600 lastwaittype=THREADPOOL,0,0,0,,0,0,0,74,suspended,,0,0.0,ETL-WRK-03,StagingDB,SSIS-Package-NightlyLoad,2026-04-11 03:15:06.000,2026-04-11 03:14:00.000,0,2026-04-11 03:18:20.000,0,0
00 00:03:14.000,307,EXEC dbo.usp_LoadDailyExtract @RunDate = @p1,svc_etl,THREADPOOL waittime=194700 lastwaittype=THREADPOOL,0,0,0,,0,0,0,179,suspended,,0,0.0,ETL-WRK-03,StagingDB,SSIS-Package-NightlyLoad,2026-04-11 03:15:07.000,2026-04-11 03:14:00.000,0,2026-04-11 03:18:20.000,0,0
00 00:03:13.000,308,EXEC dbo.usp_LoadDailyExtract @RunDate = @p1,svc_etl,THREADPOOL waittime=193800 lastwaittype=THREADPOOL,0,0,0,,0,0,0,178,suspended,,0,0.0,ETL-WRK-03,StagingDB,SSIS-Package-NightlyLoad,2026-04-11 03:15:08.000,2026-04-11 03:14:00.000,0,2026-04-11 03:18:20.000,0,0
00 00:03:12.000,309,EXEC dbo.usp_LoadDailyExtract @RunDate = @p1,svc_etl,THREADPOOL waittime=192900 lastwaittype=THREADPOOL,0,0,0,,0,0,0,85,suspended,,0,0.0,ETL-WRK-03,StagingDB,SSIS-Package-NightlyLoad,2026-04-11 03:15:09.000,2026-04-11 03:14:00.000,0,2026-04-11 03:18:20.000,0,0
00 00:03:12.000,310,EXEC dbo.usp_LoadDailyExtract @RunDate = @p1,svc_etl,THREADPOOL waittime=192000 lastwaittype=THREADPOOL,0,0,0,,0,0,0,126,suspended,,0,0.0,ETL-WRK-03,StagingDB,SSIS-Package-NightlyLoad,2026-04-11 03:15:10.000,2026-04-11 03:14:00.000,0,2026-04-11 03:18:20.000,0,0
00 00:03:11.000,311,EXEC dbo.usp_LoadDailyExtract @RunDate = @p1,svc_etl,THREADPOOL waittime=191100 lastwaittype=THREADPOOL,0,0,0,,0,0,0,153,suspended,,0,0.0,ETL-WRK-03,StagingDB,SSIS-Package-NightlyLoad,2026-04-11 03:15:11.000,2026-04-11 03:14:00.000,0,2026-04-11 03:18:20.000,0,0
00 00:03:10.000,312,EXEC dbo.usp_LoadDailyExtract @RunDate = @p1,svc_etl,THREADPOOL waittime=190200 lastwaittype=THREADPOOL,0,0,0,,0,0,0,176,suspended,,0,0.0,ETL-WRK-03,StagingDB,SSIS-Package-NightlyLoad,2026-04-11 03:15:12.000,2026-04-11 03:14:00.000,0,2026-04-11 03:18:20.000,0,0
00 00:03:09.000,313,EXEC dbo.usp_LoadDailyExtract @RunDate = @p1,svc_etl,THREADPOOL waittime=189300 lastwaittype=THREADPOOL,0,0,0,,0,0,0,142,suspended,,0,0.0,ETL-WRK-03,StagingDB,SSIS-Package-NightlyLoad,2026-04-11 03:15:13.000,2026-04-11 03:14:00.000,0,2026-04-11 03:18:20.000,0,0
00 00:03:08.000,314,EXEC dbo.usp_LoadDailyExtract @RunDate = @p1,svc_etl,THREADPOOL waittime=188400 lastwaittype=THREADPOOL,0,0,0,,0,0,0,145,suspended,,0,0.0,ETL-WRK-03,StagingDB,SSIS-Package-NightlyLoad,2026-04-11 03:15:14.000,2026-04-11 03:14:00.000,0,2026-04-11 03:18:20.000,0,0
00 00:03:07.000,315,EXEC dbo.usp_LoadDailyExtract @RunDate = @p1,svc_etl,THREADPOOL waittime=187500 lastwaittype=THREADPOOL,0,0,0,,0,0,0,193,suspended,,0,0.0,ETL-WRK-03,StagingDB,SSIS-Package-NightlyLoad,2026-04-11 03:15:15.000,2026-04-11 03:14:00.000,0,2026-04-11 03:18:20.000,0,0
00 00:03:06.000,316,EXEC dbo.usp_LoadDailyExtract @RunDate = @p1,svc_etl,THREADPOOL waittime=186600 lastwaittype=THREADPOOL,0,0,0,,0,0,0,113,suspended,,0,0.0,ETL-WRK-03,StagingDB,SSIS-Package-NightlyLoad,2026-04-11 03:15:16.000,2026-04-11 03:14:00.000,0,2026-04-11 03:18:20.000,0,0
00 00:03:05.000,317,EXEC dbo.usp_LoadDailyExtract @RunDate = @p1,svc_etl,THREADPOOL waittime=185700 lastwaittype=THREADPOOL,0,0,0,,0,0,0,100,suspended,,0,0.0,ETL-WRK-03,StagingDB,SSIS-Package-NightlyLoad,2026-04-11 03:15:17.000,2026-04-11 03:14:00.000,0,2026-04-11 03:18:20.000,0,0
00 00:03:04.000,318,EXEC dbo.usp_LoadDailyExtract @RunDate = @p1,svc_etl,THREADPOOL waittime=184800 lastwaittype=THREADPOOL,0,0,0,,0,0,0,193,suspended,,0,0.0,ETL-WRK-03,StagingDB,SSIS-Package-NightlyLoad,2026-04-11 03:15:18.000,2026-04-11 03:14:00.000,0,2026-04-11 03:18:20.000,0,0
00 00:03:03.000,319,EXEC dbo.usp_LoadDailyExtract @RunDate = @p1,svc_etl,THREADPOOL waittime=183900 lastwaittype=THREADPOOL,0,0,0,,0,0,0,191,suspended,,0,0.0,ETL-WRK-03,StagingDB,SSIS-Package-NightlyLoad,2026-04-11 03:15:19.000,2026-04-11 03:14:00.000,0,2026-04-11 03:18:20.000,0,0
00 00:03:03.000,320,EXEC dbo.usp_LoadDailyExtract @RunDate = @p1,svc_etl,THREADPOOL waittime=183000 lastwaittype=THREADPOOL,0,0,0,,0,0,0,103,suspended,,0,0.0,ETL-WRK-03,StagingDB,SSIS-Package-NightlyLoad,2026-04-11 03:15:20.000,2026-04-11 03:14:00.000,0,2026-04-11 03:18:20.000,0,0
00 00:03:02.000,321,EXEC dbo.usp_LoadDailyExtract @RunDate = @p1,svc_etl,THREADPOOL waittime=182100 lastwaittype=THREADPOOL,0,0,0,,0,0,0,159,suspended,,0,0.0,ETL-WRK-03,StagingDB,SSIS-Package-NightlyLoad,2026-04-11 03:15:21.000,2026-04-11 03:14:00.000,0,2026-04-11 03:18:20.000,0,0
00 00:03:01.000,322,EXEC dbo.usp_LoadDailyExtract @RunDate = @p1,svc_etl,THREADPOOL waittime=181200 lastwaittype=THREADPOOL,0,0,0,,0,0,0,98,suspended,,0,0.0,ETL-WRK-03,StagingDB,SSIS-Package-NightlyLoad,2026-04-11 03:15:22.000,2026-04-11 03:14:00.000,0,2026-04-11 03:18:20.000,0,0
00 00:03:00.000,323,EXEC dbo.usp_LoadDailyExtract @RunDate = @p1,svc_etl,THREADPOOL waittime=180300 lastwaittype=THREADPOOL,0,0,0,,0,0,0,82,suspended,,0,0.0,ETL-WRK-03,StagingDB,SSIS-Package-NightlyLoad,2026-04-11 03:15:23.000,2026-04-11 03:14:00.000,0,2026-04-11 03:18:20.000,0,0
00 00:03:26.000,300,EXEC dbo.usp_LoadDailyExtract @RunDate = @p1,svc_etl,THREADPOOL waittime=206000 lastwaittype=THREADPOOL,0,0,0,,0,0,0,198,suspended,,0,0.0,ETL-WRK-03,StagingDB,SSIS-Package-NightlyLoad,2026-04-11 03:15:00.000,2026-04-11 03:14:00.000,0,2026-04-11 03:18:25.000,0,0
00 00:03:25.000,301,EXEC dbo.usp_LoadDailyExtract @RunDate = @p1,svc_etl,THREADPOOL waittime=205100 lastwaittype=THREADPOOL,0,0,0,,0,0,0,154,suspended,,0,0.0,ETL-WRK-03,StagingDB,SSIS-Package-NightlyLoad,2026-04-11 03:15:01.000,2026-04-11 03:14:00.000,0,2026-04-11 03:18:25.000,0,0
00 00:03:24.000,302,EXEC dbo.usp_LoadDailyExtract @RunDate = @p1,svc_etl,THREADPOOL waittime=204200 lastwaittype=THREADPOOL,0,0,0,,0,0,0,70,suspended,,0,0.0,ETL-WRK-03,StagingDB,SSIS-Package-NightlyLoad,2026-04-11 03:15:02.000,2026-04-11 03:14:00.000,0,2026-04-11 03:18:25.000,0,0
00 00:03:23.000,303,EXEC dbo.usp_LoadDailyExtract @RunDate = @p1,svc_etl,THREADPOOL waittime=203300 lastwaittype=THREADPOOL,0,0,0,,0,0,0,75,suspended,,0,0.0,ETL-WRK-03,StagingDB,SSIS-Package-NightlyLoad,2026-04-11 03:15:03.000,2026-04-11 03:14:00.000,0,2026-04-11 03:18:25.000,0,0
00 00:03:22.000,304,EXEC dbo.usp_LoadDailyExtract @RunDate = @p1,svc_etl,THREADPOOL waittime=202400 lastwaittype=THREADPOOL,0,0,0,,0,0,0,101,suspended,,0,0.0,ETL-WRK-03,StagingDB,SSIS-Package-NightlyLoad,2026-04-11 03:15:04.000,2026-04-11 03:14:00.000,0,2026-04-11 03:18:25.000,0,0
00 00:03:21.000,305,EXEC dbo.usp_LoadDailyExtract @RunDate = @p1,svc_etl,THREADPOOL waittime=201500 lastwaittype=THREADPOOL,0,0,0,,0,0,0,114,suspended,,0,0.0,ETL-WRK-03,StagingDB,SSIS-Package-NightlyLoad,2026-04-11 03:15:05.000,2026-04-11 03:14:00.000,0,2026-04-11 03:18:25.000,0,0
00 00:03:20.000,306,EXEC dbo.usp_LoadDailyExtract @RunDate = @p1,svc_etl,THREADPOOL waittime=200600 lastwaittype=THREADPOOL,0,0,0,,0,0,0,134,suspended,,0,0.0,ETL-WRK-03,StagingDB,SSIS-Package-NightlyLoad,2026-04-11 03:15:06.000,2026-04-11 03:14:00.000,0,2026-04-11 03:18:25.000,0,0
00 00:03:19.000,307,EXEC dbo.usp_LoadDailyExtract @RunDate = @p1,svc_etl,THREADPOOL waittime=199700 lastwaittype=THREADPOOL,0,0,0,,0,0,0,112,suspended,,0,0.0,ETL-WRK-03,StagingDB,SSIS-Package-NightlyLoad,2026-04-11 03:15:07.000,2026-04-11 03:14:00.000,0,2026-04-11 03:18:25.000,0,0
00 00:03:18.000,308,EXEC dbo.usp_LoadDailyExtract @RunDate = @p1,svc_etl,THREADPOOL waittime=198800 lastwaittype=THREADPOOL,0,0,0,,0,0,0,147,suspended,,0,0.0,ETL-WRK-03,StagingDB,SSIS-Package-NightlyLoad,2026-04-11 03:15:08.000,2026-04-11 03:14:00.000,0,2026-04-11 03:18:25.000,0,0
00 00:03:17.000,309,EXEC dbo.usp_LoadDailyExtract @RunDate = @p1,svc_etl,THREADPOOL waittime=197900 lastwaittype=THREADPOOL,0,0,0,,0,0,0,160,suspended,,0,0.0,ETL-WRK-03,StagingDB,SSIS-Package-NightlyLoad,2026-04-11 03:15:09.000,2026-04-11 03:14:00.000,0,2026-04-11 03:18:25.000,0,0
00 00:03:17.000,310,EXEC dbo.usp_LoadDailyExtract @RunDate = @p1,svc_etl,THREADPOOL waittime=197000 lastwaittype=THREADPOOL,0,0,0,,0,0,0,150,suspended,,0,0.0,ETL-WRK-03,StagingDB,SSIS-Package-NightlyLoad,2026-04-11 03:15:10.000,2026-04-11 03:14:00.000,0,2026-04-11 03:18:25.000,0,0
00 00:03:16.000,311,EXEC dbo.usp_LoadDailyExtract @RunDate = @p1,svc_etl,THREADPOOL waittime=196100 lastwaittype=THREADPOOL,0,0,0,,0,0,0,150,suspended,,0,0.0,ETL-WRK-03,StagingDB,SSIS-Package-NightlyLoad,2026-04-11 03:15:11.000,2026-04-11 03:14:00.000,0,2026-04-11 03:18:25.000,0,0
00 00:03:15.000,312,EXEC dbo.usp_LoadDailyExtract @RunDate = @p1,svc_etl,THREADPOOL waittime=195200 lastwaittype=THREADPOOL,0,0,0,,0,0,0,69,suspended,,0,0.0,ETL-WRK-03,StagingDB,SSIS-Package-NightlyLoad,2026-04-11 03:15:12.000,2026-04-11 03:14:00.000,0,2026-04-11 03:18:25.000,0,0
00 00:03:14.000,313,EXEC dbo.usp_LoadDailyExtract @RunDate = @p1,svc_etl,THREADPOOL waittime=194300 lastwaittype=THREADPOOL,0,0,0,,0,0,0,72,suspended,,0,0.0,ETL-WRK-03,StagingDB,SSIS-Package-NightlyLoad,2026-04-11 03:15:13.000,2026-04-11 03:14:00.000,0,2026-04-11 03:18:25.000,0,0
00 00:03:13.000,314,EXEC dbo.usp_LoadDailyExtract @RunDate = @p1,svc_etl,THREADPOOL waittime=193400 lastwaittype=THREADPOOL,0,0,0,,0,0,0,108,suspended,,0,0.0,ETL-WRK-03,StagingDB,SSIS-Package-NightlyLoad,2026-04-11 03:15:14.000,2026-04-11 03:14:00.000,0,2026-04-11 03:18:25.000,0,0
00 00:03:12.000,315,EXEC dbo.usp_LoadDailyExtract @RunDate = @p1,svc_etl,THREADPOOL waittime=192500 lastwaittype=THREADPOOL,0,0,0,,0,0,0,108,suspended,,0,0.0,ETL-WRK-03,StagingDB,SSIS-Package-NightlyLoad,2026-04-11 03:15:15.000,2026-04-11 03:14:00.000,0,2026-04-11 03:18:25.000,0,0
00 00:03:11.000,316,EXEC dbo.usp_LoadDailyExtract @RunDate = @p1,svc_etl,THREADPOOL waittime=191600 lastwaittype=THREADPOOL,0,0,0,,0,0,0,140,suspended,,0,0.0,ETL-WRK-03,StagingDB,SSIS-Package-NightlyLoad,2026-04-11 03:15:16.000,2026-04-11 03:14:00.000,0,2026-04-11 03:18:25.000,0,0
00 00:03:10.000,317,EXEC dbo.usp_LoadDailyExtract @RunDate = @p1,svc_etl,THREADPOOL waittime=190700 lastwaittype=THREADPOOL,0,0,0,,0,0,0,147,suspended,,0,0.0,ETL-WRK-03,StagingDB,SSIS-Package-NightlyLoad,2026-04-11 03:15:17.000,2026-04-11 03:14:00.000,0,2026-04-11 03:18:25.000,0,0
00 00:03:09.000,318,EXEC dbo.usp_LoadDailyExtract @RunDate = @p1,svc_etl,THREADPOOL waittime=189800 lastwaittype=THREADPOOL,0,0,0,,0,0,0,199,suspended,,0,0.0,ETL-WRK-03,StagingDB,SSIS-Package-NightlyLoad,2026-04-11 03:15:18.000,2026-04-11 03:14:00.000,0,2026-04-11 03:18:25.000,0,0
00 00:03:08.000,319,EXEC dbo.usp_LoadDailyExtract @RunDate = @p1,svc_etl,THREADPOOL waittime=188900 lastwaittype=THREADPOOL,0,0,0,,0,0,0,198,suspended,,0,0.0,ETL-WRK-03,StagingDB,SSIS-Package-NightlyLoad,2026-04-11 03:15:19.000,2026-04-11 03:14:00.000,0,2026-04-11 03:18:25.000,0,0
00 00:03:08.000,320,EXEC dbo.usp_LoadDailyExtract @RunDate = @p1,svc_etl,THREADPOOL waittime=188000 lastwaittype=THREADPOOL,0,0,0,,0,0,0,136,suspended,,0,0.0,ETL-WRK-03,StagingDB,SSIS-Package-NightlyLoad,2026-04-11 03:15:20.000,2026-04-11 03:14:00.000,0,2026-04-11 03:18:25.000,0,0
00 00:03:07.000,321,EXEC dbo.usp_LoadDailyExtract @RunDate = @p1,svc_etl,THREADPOOL waittime=187100 lastwaittype=THREADPOOL,0,0,0,,0,0,0,105,suspended,,0,0.0,ETL-WRK-03,StagingDB,SSIS-Package-NightlyLoad,2026-04-11 03:15:21.000,2026-04-11 03:14:00.000,0,2026-04-11 03:18:25.000,0,0
00 00:03:06.000,322,EXEC dbo.usp_LoadDailyExtract @RunDate = @p1,svc_etl,THREADPOOL waittime=186200 lastwaittype=THREADPOOL,0,0,0,,0,0,0,186,suspended,,0,0.0,ETL-WRK-03,StagingDB,SSIS-Package-NightlyLoad,2026-04-11 03:15:22.000,2026-04-11 03:14:00.000,0,2026-04-11 03:18:25.000,0,0
00 00:03:05.000,323,EXEC dbo.usp_LoadDailyExtract @RunDate = @p1,svc_etl,THREADPOOL waittime=185300 lastwaittype=THREADPOOL,0,0,0,,0,0,0,187,suspended,,0,0.0,ETL-WRK-03,StagingDB,SSIS-Package-NightlyLoad,2026-04-11 03:15:23.000,2026-04-11 03:14:00.000,0,2026-04-11 03:18:25.000,0,0
00 00:03:31.000,300,EXEC dbo.usp_LoadDailyExtract @RunDate = @p1,svc_etl,THREADPOOL waittime=211000 lastwaittype=THREADPOOL,0,0,0,,0,0,0,120,suspended,,0,0.0,ETL-WRK-03,StagingDB,SSIS-Package-NightlyLoad,2026-04-11 03:15:00.000,2026-04-11 03:14:00.000,0,2026-04-11 03:18:30.000,0,0
00 00:03:30.000,301,EXEC dbo.usp_LoadDailyExtract @RunDate = @p1,svc_etl,THREADPOOL waittime=210100 lastwaittype=THREADPOOL,0,0,0,,0,0,0,88,suspended,,0,0.0,ETL-WRK-03,StagingDB,SSIS-Package-NightlyLoad,2026-04-11 03:15:01.000,2026-04-11 03:14:00.000,0,2026-04-11 03:18:30.000,0,0
00 00:03:29.000,302,EXEC dbo.usp_LoadDailyExtract @RunDate = @p1,svc_etl,THREADPOOL waittime=209200 lastwaittype=THREADPOOL,0,0,0,,0,0,0,65,suspended,,0,0.0,ETL-WRK-03,StagingDB,SSIS-Package-NightlyLoad,2026-04-11 03:15:02.000,2026-04-11 03:14:00.000,0,2026-04-11 03:18:30.000,0,0
00 00:03:28.000,303,EXEC dbo.usp_LoadDailyExtract @RunDate = @p1,svc_etl,THREADPOOL waittime=208300 lastwaittype=THREADPOOL,0,0,0,,0,0,0,191,suspended,,0,0.0,ETL-WRK-03,StagingDB,SSIS-Package-NightlyLoad,2026-04-11 03:15:03.000,2026-04-11 03:14:00.000,0,2026-04-11 03:18:30.000,0,0
00 00:03:27.000,304,EXEC dbo.usp_LoadDailyExtract @RunDate = @p1,svc_etl,THREADPOOL waittime=207400 lastwaittype=THREADPOOL,0,0,0,,0,0,0,66,suspended,,0,0.0,ETL-WRK-03,StagingDB,SSIS-Package-NightlyLoad,2026-04-11 03:15:04.000,2026-04-11 03:14:00.000,0,2026-04-11 03:18:30.000,0,0
00 00:03:26.000,305,EXEC dbo.usp_LoadDailyExtract @RunDate = @p1,svc_etl,THREADPOOL waittime=206500 lastwaittype=THREADPOOL,0,0,0,,0,0,0,101,suspended,,0,0.0,ETL-WRK-03,StagingDB,SSIS-Package-NightlyLoad,2026-04-11 03:15:05.000,2026-04-11 03:14:00.000,0,2026-04-11 03:18:30.000,0,0
00 00:03:25.000,306,EXEC dbo.usp_LoadDailyExtract @RunDate = @p1,svc_etl,THREADPOOL waittime=205600 lastwaittype=THREADPOOL,0,0,0,,0,0,0,70,suspended,,0,0.0,ETL-WRK-03,StagingDB,SSIS-Package-NightlyLoad,2026-04-11 03:15:06.000,2026-04-11 03:14:00.000,0,2026-04-11 03:18:30.000,0,0
00 00:03:24.000,307,EXEC dbo.usp_LoadDailyExtract @RunDate = @p1,svc_etl,THREADPOOL waittime=204700 lastwaittype=THREADPOOL,0,0,0,,0,0,0,182,suspended,,0,0.0,ETL-WRK-03,StagingDB,SSIS-Package-NightlyLoad,2026-04-11 03:15:07.000,2026-04-11 03:14:00.000,0,2026-04-11 03:18:30.000,0,0
00 00:03:23.000,308,EXEC dbo.usp_LoadDailyExtract @RunDate = @p1,svc_etl,THREADPOOL waittime=203800 lastwaittype=THREADPOOL,0,0,0,,0,0,0,147,suspended,,0,0.0,ETL-WRK-03,StagingDB,SSIS-Package-NightlyLoad,2026-04-11 03:15:08.000,2026-04-11 03:14:00.000,0,2026-04-11 03:18:30.000,0,0
00 00:03:22.000,309,EXEC dbo.usp_LoadDailyExtract @RunDate = @p1,svc_etl,THREADPOOL waittime=202900 lastwaittype=THREADPOOL,0,0,0,,0,0,0,139,suspended,,0,0.0,ETL-WRK-03,StagingDB,SSIS-Package-NightlyLoad,2026-04-11 03:15:09.000,2026-04-11 03:14:00.000,0,2026-04-11 03:18:30.000,0,0
00 00:03:22.000,310,EXEC dbo.usp_LoadDailyExtract @RunDate = @p1,svc_etl,THREADPOOL waittime=202000 lastwaittype=THREADPOOL,0,0,0,,0,0,0,172,suspended,,0,0.0,ETL-WRK-03,StagingDB,SSIS-Package-NightlyLoad,2026-04-11 03:15:10.000,2026-04-11 03:14:00.000,0,2026-04-11 03:18:30.000,0,0
00 00:03:21.000,311,EXEC dbo.usp_LoadDailyExtract @RunDate = @p1,svc_etl,THREADPOOL waittime=201100 lastwaittype=THREADPOOL,0,0,0,,0,0,0,90,suspended,,0,0.0,ETL-WRK-03,StagingDB,SSIS-Package-NightlyLoad,2026-04-11 03:15:11.000,2026-04-11 03:14:00.000,0,2026-04-11 03:18:30.000,0,0
00 00:03:20.000,312,EXEC dbo.usp_LoadDailyExtract @RunDate = @p1,svc_etl,THREADPOOL waittime=200200 lastwaittype=THREADPOOL,0,0,0,,0,0,0,113,suspended,,0,0.0,ETL-WRK-03,StagingDB,SSIS-Package-NightlyLoad,2026-04-11 03:15:12.000,2026-04-11 03:14:00.000,0,2026-04-11 03:18:30.000,0,0
00 00:03:19.000,313,EXEC dbo.usp_LoadDailyExtract @RunDate = @p1,svc_etl,THREADPOOL waittime=199300 lastwaittype=THREADPOOL,0,0,0,,0,0,0,88,suspended,,0,0.0,ETL-WRK-03,StagingDB,SSIS-Package-NightlyLoad,2026-04-11 03:15:13.000,2026-04-11 03:14:00.000,0,2026-04-11 03:18:30.000,0,0
00 00:03:18.000,314,EXEC dbo.usp_LoadDailyExtract @RunDate = @p1,svc_etl,THREADPOOL waittime=198400 lastwaittype=THREADPOOL,0,0,0,,0,0,0,136,suspended,,0,0.0,ETL-WRK-03,StagingDB,SSIS-Package-NightlyLoad,2026-04-11 03:15:14.000,2026-04-11 03:14:00.000,0,2026-04-11 03:18:30.000,0,0
00 00:03:17.000,315,EXEC dbo.usp_LoadDailyExtract @RunDate = @p1,svc_etl,THREADPOOL waittime=197500 lastwaittype=THREADPOOL,0,0,0,,0,0,0,104,suspended,,0,0.0,ETL-WRK-03,StagingDB,SSIS-Package-NightlyLoad,2026-04-11 03:15:15.000,2026-04-11 03:14:00.000,0,2026-04-11 03:18:30.000,0,0
00 00:03:16.000,316,EXEC dbo.usp_LoadDailyExtract @RunDate = @p1,svc_etl,THREADPOOL waittime=196600 lastwaittype=THREADPOOL,0,0,0,,0,0,0,86,suspended,,0,0.0,ETL-WRK-03,StagingDB,SSIS-Package-NightlyLoad,2026-04-11 03:15:16.000,2026-04-11 03:14:00.000,0,2026-04-11 03:18:30.000,0,0
00 00:03:15.000,317,EXEC dbo.usp_LoadDailyExtract @RunDate = @p1,svc_etl,THREADPOOL waittime=195700 lastwaittype=THREADPOOL,0,0,0,,0,0,0,110,suspended,,0,0.0,ETL-WRK-03,StagingDB,SSIS-Package-NightlyLoad,2026-04-11 03:15:17.000,2026-04-11 03:14:00.000,0,2026-04-11 03:18:30.000,0,0
00 00:03:14.000,318,EXEC dbo.usp_LoadDailyExtract @RunDate = @p1,svc_etl,THREADPOOL waittime=194800 lastwaittype=THREADPOOL,0,0,0,,0,0,0,189,suspended,,0,0.0,ETL-WRK-03,StagingDB,SSIS-Package-NightlyLoad,2026-04-11 03:15:18.000,2026-04-11 03:14:00.000,0,2026-04-11 03:18:30.000,0,0
00 00:03:13.000,319,EXEC dbo.usp_LoadDailyExtract @RunDate = @p1,svc_etl,THREADPOOL waittime=193900 lastwaittype=THREADPOOL,0,0,0,,0,0,0,87,suspended,,0,0.0,ETL-WRK-03,StagingDB,SSIS-Package-NightlyLoad,2026-04-11 03:15:19.000,2026-04-11 03:14:00.000,0,2026-04-11 03:18:30.000,0,0
00 00:03:13.000,320,EXEC dbo.usp_LoadDailyExtract @RunDate = @p1,svc_etl,THREADPOOL waittime=193000 lastwaittype=THREADPOOL,0,0,0,,0,0,0,76,suspended,,0,0.0,ETL-WRK-03,StagingDB,SSIS-Package-NightlyLoad,2026-04-11 03:15:20.000,2026-04-11 03:14:00.000,0,2026-04-11 03:18:30.000,0,0
00 00:03:12.000,321,EXEC dbo.usp_LoadDailyExtract @RunDate = @p1,svc_etl,THREADPOOL waittime=192100 lastwaittype=THREADPOOL,0,0,0,,0,0,0,91,suspended,,0,0.0,ETL-WRK-03,StagingDB,SSIS-Package-NightlyLoad,2026-04-11 03:15:21.000,2026-04-11 03:14:00.000,0,2026-04-11 03:18:30.000,0,0
00 00:03:11.000,322,EXEC dbo.usp_LoadDailyExtract @RunDate = @p1,svc_etl,THREADPOOL waittime=191200 lastwaittype=THREADPOOL,0,0,0,,0,0,0,170,suspended,,0,0.0,ETL-WRK-03,StagingDB,SSIS-Package-NightlyLoad,2026-04-11 03:15:22.000,2026-04-11 03:14:00.000,0,2026-04-11 03:18:30.000,0,0
00 00:03:10.000,323,EXEC dbo.usp_LoadDailyExtract @RunDate = @p1,svc_etl,THREADPOOL waittime=190300 lastwaittype=THREADPOOL,0,0,0,,0,0,0,66,suspended,,0,0.0,ETL-WRK-03,StagingDB,SSIS-Package-NightlyLoad,2026-04-11 03:15:23.000,2026-04-11 03:14:00.000,0,2026-04-11 03:18:30.000,0,0
00 00:03:09.000,324,EXEC dbo.usp_LoadDailyExtract @RunDate = @p1,svc_etl,THREADPOOL waittime=189400 lastwaittype=THREADPOOL,0,0,0,,0,0,0,87,suspended,,0,0.0,ETL-WRK-03,StagingDB,SSIS-Package-NightlyLoad,2026-04-11 03:15:24.000,2026-04-11 03:14:00.000,0,2026-04-11 03:18:30.000,0,0
00 00:03:36.000,300,EXEC dbo.usp_LoadDailyExtract @RunDate = @p1,svc_etl,THREADPOOL waittime=216000 lastwaittype=THREADPOOL,0,0,0,,0,0,0,137,suspended,,0,0.0,ETL-WRK-03,StagingDB,SSIS-Package-NightlyLoad,2026-04-11 03:15:00.000,2026-04-11 03:14:00.000,0,2026-04-11 03:18:35.000,0,0
00 00:03:35.000,301,EXEC dbo.usp_LoadDailyExtract @RunDate = @p1,svc_etl,THREADPOOL waittime=215100 lastwaittype=THREADPOOL,0,0,0,,0,0,0,68,suspended,,0,0.0,ETL-WRK-03,StagingDB,SSIS-Package-NightlyLoad,2026-04-11 03:15:01.000,2026-04-11 03:14:00.000,0,2026-04-11 03:18:35.000,0,0
00 00:03:34.000,302,EXEC dbo.usp_LoadDailyExtract @RunDate = @p1,svc_etl,THREADPOOL waittime=214200 lastwaittype=THREADPOOL,0,0,0,,0,0,0,157,suspended,,0,0.0,ETL-WRK-03,StagingDB,SSIS-Package-NightlyLoad,2026-04-11 03:15:02.000,2026-04-11 03:14:00.000,0,2026-04-11 03:18:35.000,0,0
00 00:03:33.000,303,EXEC dbo.usp_LoadDailyExtract @RunDate = @p1,svc_etl,THREADPOOL waittime=213300 lastwaittype=THREADPOOL,0,0,0,,0,0,0,101,suspended,,0,0.0,ETL-WRK-03,StagingDB,SSIS-Package-NightlyLoad,2026-04-11 03:15:03.000,2026-04-11 03:14:00.000,0,2026-04-11 03:18:35.000,0,0
00 00:03:32.000,304,EXEC dbo.usp_LoadDailyExtract @RunDate = @p1,svc_etl,THREADPOOL waittime=212400 lastwaittype=THREADPOOL,0,0,0,,0,0,0,96,suspended,,0,0.0,ETL-WRK-03,StagingDB,SSIS-Package-NightlyLoad,2026-04-11 03:15:04.000,2026-04-11 03:14:00.000,0,2026-04-11 03:18:35.000,0,0
00 00:03:31.000,305,EXEC dbo.usp_LoadDailyExtract @RunDate = @p1,svc_etl,THREADPOOL waittime=211500 lastwaittype=THREADPOOL,0,0,0,,0,0,0,123,suspended,,0,0.0,ETL-WRK-03,StagingDB,SSIS-Package-NightlyLoad,2026-04-11 03:15:05.000,2026-04-11 03:14:00.000,0,2026-04-11 03:18:35.000,0,0
00 00:03:30.000,306,EXEC dbo.usp_LoadDailyExtract @RunDate = @p1,svc_etl,THREADPOOL waittime=210600 lastwaittype=THREADPOOL,0,0,0,,0,0,0,178,suspended,,0,0.0,ETL-WRK-03,StagingDB,SSIS-Package-NightlyLoad,2026-04-11 03:15:06.000,2026-04-11 03:14:00.000,0,2026-04-11 03:18:35.000,0,0
00 00:03:29.000,307,EXEC dbo.usp_LoadDailyExtract @RunDate = @p1,svc_etl,THREADPOOL waittime=209700 lastwaittype=THREADPOOL,0,0,0,,0,0,0,114,suspended,,0,0.0,ETL-WRK-03,StagingDB,SSIS-Package-NightlyLoad,2026-04-11 03:15:07.000,2026-04-11 03:14:00.000,0,2026-04-11 03:18:35.000,0,0
00 00:03:28.000,308,EXEC dbo.usp_LoadDailyExtract @RunDate = @p1,svc_etl,THREADPOOL waittime=208800 lastwaittype=THREADPOOL,0,0,0,,0,0,0,125,suspended,,0,0.0,ETL-WRK-03,StagingDB,SSIS-Package-NightlyLoad,2026-04-11 03:15:08.000,2026-04-11 03:14:00.000,0,2026-04-11 03:18:35.000,0,0
00 00:03:27.000,309,EXEC dbo.usp_LoadDailyExtract @RunDate = @p1,svc_etl,THREADPOOL waittime=207900 lastwaittype=THREADPOOL,0,0,0,,0,0,0,141,suspended,,0,0.0,ETL-WRK-03,StagingDB,SSIS-Package-NightlyLoad,2026-04-11 03:15:09.000,2026-04-11 03:14:00.000,0,2026-04-11 03:18:35.000,0,0
00 00:03:27.000,310,EXEC dbo.usp_LoadDailyExtract @RunDate = @p1,svc_etl,THREADPOOL waittime=207000 lastwaittype=THREADPOOL,0,0,0,,0,0,0,136,suspended,,0,0.0,ETL-WRK-03,StagingDB,SSIS-Package-NightlyLoad,2026-04-11 03:15:10.000,2026-04-11 03:14:00.000,0,2026-04-11 03:18:35.000,0,0
00 00:03:26.000,311,EXEC dbo.usp_LoadDailyExtract @RunDate = @p1,svc_etl,THREADPOOL waittime=206100 lastwaittype=THREADPOOL,0,0,0,,0,0,0,169,suspended,,0,0.0,ETL-WRK-03,StagingDB,SSIS-Package-NightlyLoad,2026-04-11 03:15:11.000,2026-04-11 03:14:00.000,0,2026-04-11 03:18:35.000,0,0
00 00:03:25.000,312,EXEC dbo.usp_LoadDailyExtract @RunDate = @p1,svc_etl,THREADPOOL waittime=205200 lastwaittype=THREADPOOL,0,0,0,,0,0,0,142,suspended,,0,0.0,ETL-WRK-03,StagingDB,SSIS-Package-NightlyLoad,2026-04-11 03:15:12.000,2026-04-11 03:14:00.000,0,2026-04-11 03:18:35.000,0,0
00 00:03:24.000,313,EXEC dbo.usp_LoadDailyExtract @RunDate = @p1,svc_etl,THREADPOOL waittime=204300 lastwaittype=THREADPOOL,0,0,0,,0,0,0,93,suspended,,0,0.0,ETL-WRK-03,StagingDB,SSIS-Package-NightlyLoad,2026-04-11 03:15:13.000,2026-04-11 03:14:00.000,0,2026-04-11 03:18:35.000,0,0
00 00:03:23.000,314,EXEC dbo.usp_LoadDailyExtract @RunDate = @p1,svc_etl,THREADPOOL waittime=203400 lastwaittype=THREADPOOL,0,0,0,,0,0,0,166,suspended,,0,0.0,ETL-WRK-03,StagingDB,SSIS-Package-NightlyLoad,2026-04-11 03:15:14.000,2026-04-11 03:14:00.000,0,2026-04-11 03:18:35.000,0,0
00 00:03:22.000,315,EXEC dbo.usp_LoadDailyExtract @RunDate = @p1,svc_etl,THREADPOOL waittime=202500 lastwaittype=THREADPOOL,0,0,0,,0,0,0,132,suspended,,0,0.0,ETL-WRK-03,StagingDB,SSIS-Package-NightlyLoad,2026-04-11 03:15:15.000,2026-04-11 03:14:00.000,0,2026-04-11 03:18:35.000,0,0
00 00:03:21.000,316,EXEC dbo.usp_LoadDailyExtract @RunDate = @p1,svc_etl,THREADPOOL waittime=201600 lastwaittype=THREADPOOL,0,0,0,,0,0,0,194,suspended,,0,0.0,ETL-WRK-03,StagingDB,SSIS-Package-NightlyLoad,2026-04-11 03:15:16.000,2026-04-11 03:14:00.000,0,2026-04-11 03:18:35.000,0,0
00 00:03:20.000,317,EXEC dbo.usp_LoadDailyExtract @RunDate = @p1,svc_etl,THREADPOOL waittime=200700 lastwaittype=THREADPOOL,0,0,0,,0,0,0,76,suspended,,0,0.0,ETL-WRK-03,StagingDB,SSIS-Package-NightlyLoad,2026-04-11 03:15:17.000,2026-04-11 03:14:00.000,0,2026-04-11 03:18:35.000,0,0
00 00:03:19.000,318,EXEC dbo.usp_LoadDailyExtract @RunDate = @p1,svc_etl,THREADPOOL waittime=199800 lastwaittype=THREADPOOL,0,0,0,,0,0,0,86,suspended,,0,0.0,ETL-WRK-03,StagingDB,SSIS-Package-NightlyLoad,2026-04-11 03:15:18.000,2026-04-11 03:14:00.000,0,2026-04-11 03:18:35.000,0,0
00 00:03:18.000,319,EXEC dbo.usp_LoadDailyExtract @RunDate = @p1,svc_etl,THREADPOOL waittime=198900 lastwaittype=THREADPOOL,0,0,0,,0,0,0,194,suspended,,0,0.0,ETL-WRK-03,StagingDB,SSIS-Package-NightlyLoad,2026-04-11 03:15:19.000,2026-04-11 03:14:00.000,0,2026-04-11 03:18:35.000,0,0
00 00:03:18.000,320,EXEC dbo.usp_LoadDailyExtract @RunDate = @p1,svc_etl,THREADPOOL waittime=198000 lastwaittype=THREADPOOL,0,0,0,,0,0,0,197,suspended,,0,0.0,ETL-WRK-03,StagingDB,SSIS-Package-NightlyLoad,2026-04-11 03:15:20.000,2026-04-11 03:14:00.000,0,2026-04-11 03:18:35.000,0,0
00 00:03:17.000,321,EXEC dbo.usp_LoadDailyExtract @RunDate = @p1,svc_etl,THREADPOOL waittime=197100 lastwaittype=THREADPOOL,0,0,0,,0,0,0,188,suspended,,0,0.0,ETL-WRK-03,StagingDB,SSIS-Package-NightlyLoad,2026-04-11 03:15:21.000,2026-04-11 03:14:00.000,0,2026-04-11 03:18:35.000,0,0
00 00:03:16.000,322,EXEC dbo.usp_LoadDailyExtract @RunDate = @p1,svc_etl,THREADPOOL waittime=196200 lastwaittype=THREADPOOL,0,0,0,,0,0,0,75,suspended,,0,0.0,ETL-WRK-03,StagingDB,SSIS-Package-NightlyLoad,2026-04-11 03:15:22.000,2026-04-11 03:14:00.000,0,2026-04-11 03:18:35.000,0,0
00 00:03:15.000,323,EXEC dbo.usp_LoadDailyExtract @RunDate = @p1,svc_etl,THREADPOOL waittime=195300 lastwaittype=THREADPOOL,0,0,0,,0,0,0,102,suspended,,0,0.0,ETL-WRK-03,StagingDB,SSIS-Package-NightlyLoad,2026-04-11 03:15:23.000,2026-04-11 03:14:00.000,0,2026-04-11 03:18:35.000,0,0
00 00:03:14.000,324,EXEC dbo.usp_LoadDailyExtract @RunDate = @p1,svc_etl,THREADPOOL waittime=194400 lastwaittype=THREADPOOL,0,0,0,,0,0,0,157,suspended,,0,0.0,ETL-WRK-03,StagingDB,SSIS-Package-NightlyLoad,2026-04-11 03:15:24.000,2026-04-11 03:14:00.000,0,2026-04-11 03:18:35.000,0,0
00 00:03:41.000,300,EXEC dbo.usp_LoadDailyExtract @RunDate = @p1,svc_etl,THREADPOOL waittime=221000 lastwaittype=THREADPOOL,0,0,0,,0,0,0,92,suspended,,0,0.0,ETL-WRK-03,StagingDB,SSIS-Package-NightlyLoad,2026-04-11 03:15:00.000,2026-04-11 03:14:00.000,0,2026-04-11 03:18:40.000,0,0
00 00:03:40.000,301,EXEC dbo.usp_LoadDailyExtract @RunDate = @p1,svc_etl,THREADPOOL waittime=220100 lastwaittype=THREADPOOL,0,0,0,,0,0,0,115,suspended,,0,0.0,ETL-WRK-03,StagingDB,SSIS-Package-NightlyLoad,2026-04-11 03:15:01.000,2026-04-11 03:14:00.000,0,2026-04-11 03:18:40.000,0,0
00 00:03:39.000,302,EXEC dbo.usp_LoadDailyExtract @RunDate = @p1,svc_etl,THREADPOOL waittime=219200 lastwaittype=THREADPOOL,0,0,0,,0,0,0,113,suspended,,0,0.0,ETL-WRK-03,StagingDB,SSIS-Package-NightlyLoad,2026-04-11 03:15:02.000,2026-04-11 03:14:00.000,0,2026-04-11 03:18:40.000,0,0
00 00:03:38.000,303,EXEC dbo.usp_LoadDailyExtract @RunDate = @p1,svc_etl,THREADPOOL waittime=218300 lastwaittype=THREADPOOL,0,0,0,,0,0,0,89,suspended,,0,0.0,ETL-WRK-03,StagingDB,SSIS-Package-NightlyLoad,2026-04-11 03:15:03.000,2026-04-11 03:14:00.000,0,2026-04-11 03:18:40.000,0,0
00 00:03:37.000,304,EXEC dbo.usp_LoadDailyExtract @RunDate = @p1,svc_etl,THREADPOOL waittime=217400 lastwaittype=THREADPOOL,0,0,0,,0,0,0,80,suspended,,0,0.0,ETL-WRK-03,StagingDB,SSIS-Package-NightlyLoad,2026-04-11 03:15:04.000,2026-04-11 03:14:00.000,0,2026-04-11 03:18:40.000,0,0
00 00:03:36.000,305,EXEC dbo.usp_LoadDailyExtract @RunDate = @p1,svc_etl,THREADPOOL waittime=216500 lastwaittype=THREADPOOL,0,0,0,,0,0,0,98,suspended,,0,0.0,ETL-WRK-03,StagingDB,SSIS-Package-NightlyLoad,2026-04-11 03:15:05.000,2026-04-11 03:14:00.000,0,2026-04-11 03:18:40.000,0,0
00 00:03:35.000,306,EXEC dbo.usp_LoadDailyExtract @RunDate = @p1,svc_etl,THREADPOOL waittime=215600 lastwaittype=THREADPOOL,0,0,0,,0,0,0,86,suspended,,0,0.0,ETL-WRK-03,StagingDB,SSIS-Package-NightlyLoad,2026-04-11 03:15:06.000,2026-04-11 03:14:00.000,0,2026-04-11 03:18:40.000,0,0
00 00:03:34.000,307,EXEC dbo.usp_LoadDailyExtract @RunDate = @p1,svc_etl,THREADPOOL waittime=214700 lastwaittype=THREADPOOL,0,0,0,,0,0,0,156,suspended,,0,0.0,ETL-WRK-03,StagingDB,SSIS-Package-NightlyLoad,2026-04-11 03:15:07.000,2026-04-11 03:14:00.000,0,2026-04-11 03:18:40.000,0,0
00 00:03:33.000,308,EXEC dbo.usp_LoadDailyExtract @RunDate = @p1,svc_etl,THREADPOOL waittime=213800 lastwaittype=THREADPOOL,0,0,0,,0,0,0,174,suspended,,0,0.0,ETL-WRK-03,StagingDB,SSIS-Package-NightlyLoad,2026-04-11 03:15:08.000,2026-04-11 03:14:00.000,0,2026-04-11 03:18:40.000,0,0
00 00:03:32.000,309,EXEC dbo.usp_LoadDailyExtract @RunDate = @p1,svc_etl,THREADPOOL waittime=212900 lastwaittype=THREADPOOL,0,0,0,,0,0,0,75,suspended,,0,0.0,ETL-WRK-03,StagingDB,SSIS-Package-NightlyLoad,2026-04-11 03:15:09.000,2026-04-11 03:14:00.000,0,2026-04-11 03:18:40.000,0,0
00 00:03:32.000,310,EXEC dbo.usp_LoadDailyExtract @RunDate = @p1,svc_etl,THREADPOOL waittime=212000 lastwaittype=THREADPOOL,0,0,0,,0,0,0,154,suspended,,0,0.0,ETL-WRK-03,StagingDB,SSIS-Package-NightlyLoad,2026-04-11 03:15:10.000,2026-04-11 03:14:00.000,0,2026-04-11 03:18:40.000,0,0
00 00:03:31.000,311,EXEC dbo.usp_LoadDailyExtract @RunDate = @p1,svc_etl,THREADPOOL waittime=211100 lastwaittype=THREADPOOL,0,0,0,,0,0,0,90,suspended,,0,0.0,ETL-WRK-03,StagingDB,SSIS-Package-NightlyLoad,2026-04-11 03:15:11.000,2026-04-11 03:14:00.000,0,2026-04-11 03:18:40.000,0,0
00 00:03:30.000,312,EXEC dbo.usp_LoadDailyExtract @RunDate = @p1,svc_etl,THREADPOOL waittime=210200 lastwaittype=THREADPOOL,0,0,0,,0,0,0,93,suspended,,0,0.0,ETL-WRK-03,StagingDB,SSIS-Package-NightlyLoad,2026-04-11 03:15:12.000,2026-04-11 03:14:00.000,0,2026-04-11 03:18:40.000,0,0
00 00:03:29.000,313,EXEC dbo.usp_LoadDailyExtract @RunDate = @p1,svc_etl,THREADPOOL waittime=209300 lastwaittype=THREADPOOL,0,0,0,,0,0,0,200,suspended,,0,0.0,ETL-WRK-03,StagingDB,SSIS-Package-NightlyLoad,2026-04-11 03:15:13.000,2026-04-11 03:14:00.000,0,2026-04-11 03:18:40.000,0,0
00 00:03:28.000,314,EXEC dbo.usp_LoadDailyExtract @RunDate = @p1,svc_etl,THREADPOOL waittime=208400 lastwaittype=THREADPOOL,0,0,0,,0,0,0,89,suspended,,0,0.0,ETL-WRK-03,StagingDB,SSIS-Package-NightlyLoad,2026-04-11 03:15:14.000,2026-04-11 03:14:00.000,0,2026-04-11 03:18:40.000,0,0
00 00:03:27.000,315,EXEC dbo.usp_LoadDailyExtract @RunDate = @p1,svc_etl,THREADPOOL waittime=207500 lastwaittype=THREADPOOL,0,0,0,,0,0,0,189,suspended,,0,0.0,ETL-WRK-03,StagingDB,SSIS-Package-NightlyLoad,2026-04-11 03:15:15.000,2026-04-11 03:14:00.000,0,2026-04-11 03:18:40.000,0,0
00 00:03:26.000,316,EXEC dbo.usp_LoadDailyExtract @RunDate = @p1,svc_etl,THREADPOOL waittime=206600 lastwaittype=THREADPOOL,0,0,0,,0,0,0,172,suspended,,0,0.0,ETL-WRK-03,StagingDB,SSIS-Package-NightlyLoad,2026-04-11 03:15:16.000,2026-04-11 03:14:00.000,0,2026-04-11 03:18:40.000,0,0
00 00:03:25.000,317,EXEC dbo.usp_LoadDailyExtract @RunDate = @p1,svc_etl,THREADPOOL waittime=205700 lastwaittype=THREADPOOL,0,0,0,,0,0,0,74,suspended,,0,0.0,ETL-WRK-03,StagingDB,SSIS-Package-NightlyLoad,2026-04-11 03:15:17.000,2026-04-11 03:14:00.000,0,2026-04-11 03:18:40.000,0,0
00 00:03:24.000,318,EXEC dbo.usp_LoadDailyExtract @RunDate = @p1,svc_etl,THREADPOOL waittime=204800 lastwaittype=THREADPOOL,0,0,0,,0,0,0,164,suspended,,0,0.0,ETL-WRK-03,StagingDB,SSIS-Package-NightlyLoad,2026-04-11 03:15:18.000,2026-04-11 03:14:00.000,0,2026-04-11 03:18:40.000,0,0
00 00:03:23.000,319,EXEC dbo.usp_LoadDailyExtract @RunDate = @p1,svc_etl,THREADPOOL waittime=203900 lastwaittype=THREADPOOL,0,0,0,,0,0,0,75,suspended,,0,0.0,ETL-WRK-03,StagingDB,SSIS-Package-NightlyLoad,2026-04-11 03:15:19.000,2026-04-11 03:14:00.000,0,2026-04-11 03:18:40.000,0,0
00 00:03:23.000,320,EXEC dbo.usp_LoadDailyExtract @RunDate = @p1,svc_etl,THREADPOOL waittime=203000 lastwaittype=THREADPOOL,0,0,0,,0,0,0,164,suspended,,0,0.0,ETL-WRK-03,StagingDB,SSIS-Package-NightlyLoad,2026-04-11 03:15:20.000,2026-04-11 03:14:00.000,0,2026-04-11 03:18:40.000,0,0
00 00:03:22.000,321,EXEC dbo.usp_LoadDailyExtract @RunDate = @p1,svc_etl,THREADPOOL waittime=202100 lastwaittype=THREADPOOL,0,0,0,,0,0,0,124,suspended,,0,0.0,ETL-WRK-03,StagingDB,SSIS-Package-NightlyLoad,2026-04-11 03:15:21.000,2026-04-11 03:14:00.000,0,2026-04-11 03:18:40.000,0,0
00 00:03:21.000,322,EXEC dbo.usp_LoadDailyExtract @RunDate = @p1,svc_etl,THREADPOOL waittime=201200 lastwaittype=THREADPOOL,0,0,0,,0,0,0,122,suspended,,0,0.0,ETL-WRK-03,StagingDB,SSIS-Package-NightlyLoad,2026-04-11 03:15:22.000,2026-04-11 03:14:00.000,0,2026-04-11 03:18:40.000,0,0
00 00:03:20.000,323,EXEC dbo.usp_LoadDailyExtract @RunDate = @p1,svc_etl,THREADPOOL waittime=200300 lastwaittype=THREADPOOL,0,0,0,,0,0,0,173,suspended,,0,0.0,ETL-WRK-03,StagingDB,SSIS-Package-NightlyLoad,2026-04-11 03:15:23.000,2026-04-11 03:14:00.000,0,2026-04-11 03:18:40.000,0,0
00 00:03:19.000,324,EXEC dbo.usp_LoadDailyExtract @RunDate = @p1,svc_etl,THREADPOOL waittime=199400 lastwaittype=THREADPOOL,0,0,0,,0,0,0,136,suspended,,0,0.0,ETL-WRK-03,StagingDB,SSIS-Package-NightlyLoad,2026-04-11 03:15:24.000,2026-04-11 03:14:00.000,0,2026-04-11 03:18:40.000,0,0
00 00:03:18.000,325,EXEC dbo.usp_LoadDailyExtract @RunDate = @p1,svc_etl,THREADPOOL waittime=198500 lastwaittype=THREADPOOL,0,0,0,,0,0,0,71,suspended,,0,0.0,ETL-WRK-03,StagingDB,SSIS-Package-NightlyLoad,2026-04-11 03:15:25.000,2026-04-11 03:14:00.000,0,2026-04-11 03:18:40.000,0,0
